path,size_bytes,ext
C:/CFH/frontend/cypress.config.js,122,.js
C:/CFH/frontend/jest.config.js,247,.js
C:/CFH/frontend/vite.config.ts,910,.ts
C:/CFH/frontend/src/App.jsx,5324,.jsx
C:/CFH/frontend/src/App.tsx,5342,.tsx
C:/CFH/frontend/src/index.jsx,688,.jsx
C:/CFH/frontend/src/index.tsx,706,.tsx
C:/CFH/frontend/packages/inspection-utils/index.ts,282,.ts
C:/CFH/frontend/packages/inspection-utils/jest.config.js,523,.js
C:/CFH/frontend/src/components/AdminEmailNotifications.jsx,5260,.jsx
C:/CFH/frontend/src/components/AdminEmailNotifications.tsx,5278,.tsx
C:/CFH/frontend/src/hooks/useMechanicSocket.js,761,.js
C:/CFH/frontend/src/hooks/useMechanicSocket.test.js,691,.js
C:/CFH/frontend/src/hooks/useMechanicSocket.test.ts,709,.ts
C:/CFH/frontend/src/hooks/useMechanicSocket.ts,779,.ts
C:/CFH/frontend/src/i18n/i18n.ts,786,.ts
C:/CFH/frontend/src/services/analyticsApi.ts,618,.ts
C:/CFH/frontend/src/services/escrowApi.ts,1344,.ts
C:/CFH/frontend/src/styles/theme.js,1092,.js
C:/CFH/frontend/src/styles/theme.ts,1110,.ts
C:/CFH/frontend/src/tests/AIDiagnosticsAssistant.test.jsx,611,.jsx
C:/CFH/frontend/src/tests/AIDiagnosticsAssistant.test.tsx,1841,.tsx
C:/CFH/frontend/src/tests/auctionExportUtils.test.ts,3644,.ts
C:/CFH/frontend/src/tests/BookingModal.test.tsx,4759,.tsx
C:/CFH/frontend/src/tests/BuyerCommunityForum.test.jsx,2602,.jsx
C:/CFH/frontend/src/tests/BuyerCommunityForum.test.tsx,3750,.tsx
C:/CFH/frontend/src/tests/BuyerLenderResults.test.js,3227,.js
C:/CFH/frontend/src/tests/BuyerLenderResults.test.ts,4620,.ts
C:/CFH/frontend/src/tests/BuyerSearchPreferences.test.jsx,4671,.jsx
C:/CFH/frontend/src/tests/CarTransportCoordination.test.js,6925,.js
C:/CFH/frontend/src/tests/CollaborationChat.test.js,3727,.js
C:/CFH/frontend/src/tests/EscrowStatusSync.test.jsx,857,.jsx
C:/CFH/frontend/src/tests/EscrowStatusTracker.test.jsx,4941,.jsx
C:/CFH/frontend/src/tests/GuestDashboard.test.jsx,4969,.jsx
C:/CFH/frontend/src/tests/GuestDashboard.test50000.jsx,4236,.jsx
C:/CFH/frontend/src/tests/haulerBucket.test.ts,2285,.ts
C:/CFH/frontend/src/tests/HaulerCollaboration.test.jsx,900,.jsx
C:/CFH/frontend/src/tests/HaulerCommunityBoard.test.jsx,456,.jsx
C:/CFH/frontend/src/tests/InspectionPhotoPreviewer.test.jsx,1092,.jsx
C:/CFH/frontend/src/tests/LenderExportPanel.test.js,2258,.js
C:/CFH/frontend/src/tests/MechanicDashboard.test.jsx,4234,.jsx
C:/CFH/frontend/src/tests/MechanicShiftPlanner.test.jsx,487,.jsx
C:/CFH/frontend/src/tests/OfficerDashboard.test.jsx,3113,.jsx
C:/CFH/frontend/src/tests/RiskAssessmentEngine.test.js,3466,.js
C:/CFH/frontend/src/tests/RouteRiskAnalysis.test.jsx,457,.jsx
C:/CFH/frontend/src/tests/SellerDeepAnalytics.test.jsx,978,.jsx
C:/CFH/frontend/src/tests/SellerExportPanel.test.jsx,839,.jsx
C:/CFH/frontend/src/tests/SellerReputationDashboard.test.js,3216,.js
C:/CFH/frontend/src/tests/SellerReputationDashboard.test.jsx,1455,.jsx
C:/CFH/frontend/src/tests/TaskCompletionButton.test.jsx,2301,.jsx
C:/CFH/frontend/src/tests/VehicleHealthTrendCharts.test.jsx,597,.jsx
C:/CFH/frontend/src/tests/VehicleInspectionModule.test.jsx,937,.jsx
C:/CFH/frontend/src/tests/VINDecoder.test.jsx,566,.jsx
C:/CFH/frontend/src/utils/export_delivery_pdf.ts,2779,.ts
C:/CFH/frontend/src/utils/gamificationUtils.ts,391,.ts
C:/CFH/frontend/src/utils/logger.ts,730,.ts
C:/CFH/frontend/src/utils/RewardHelper.js,1809,.js
C:/CFH/frontend/src/utils/RewardHelper.ts,2292,.ts
C:/CFH/frontend/src/utils/SocialShareHelper.js,7023,.js
C:/CFH/frontend/src/utils/SocialShareHelper.ts,10533,.ts
C:/CFH/frontend/src/utils/useAuth.js,517,.js
C:/CFH/frontend/src/utils/useAuth.ts,1009,.ts
C:/CFH/frontend/packages/inspection-utils/src/blurDetector.ts,982,.ts
C:/CFH/frontend/packages/inspection-utils/tests/blurDetector.test.ts,1812,.ts
C:/CFH/frontend/packages/inspection-utils/tests/__smoke__.test.ts,808,.ts
C:/CFH/frontend/src/archive/hauler/haulerBucket.js,2350,.js
C:/CFH/frontend/src/archive/hauler/haulerBucket.ts,3007,.ts
C:/CFH/frontend/src/archive/hauler/HaulerController.js,2443,.js
C:/CFH/frontend/src/archive/hauler/haulerReputationController.js,1108,.js
C:/CFH/frontend/src/components/admin/AdminAuctionOverview.jsx,3983,.jsx
C:/CFH/frontend/src/components/admin/AdminAuctionOverview.tsx,4940,.tsx
C:/CFH/frontend/src/components/admin/AdminCustomWidgetLibrary.jsx,5901,.jsx
C:/CFH/frontend/src/components/admin/AdminCustomWidgetLibrary.tsx,8306,.tsx
C:/CFH/frontend/src/components/admin/LiveDashboardHealthWidget.jsx,2756,.jsx
C:/CFH/frontend/src/components/admin/LiveDashboardHealthWidget.tsx,4040,.tsx
C:/CFH/frontend/src/components/ai/AIBadgeOverlay.js,2332,.js
C:/CFH/frontend/src/components/ai/AIBadgeOverlay.ts,3294,.ts
C:/CFH/frontend/src/components/ai/AIPredictorDashboard.jsx,5301,.jsx
C:/CFH/frontend/src/components/ai/AIPredictorDashboard.tsx,7558,.tsx
C:/CFH/frontend/src/components/ai/AIScorePanel.js,2311,.js
C:/CFH/frontend/src/components/ai/AIScorePanel.ts,3435,.ts
C:/CFH/frontend/src/components/ai/BidConfidenceMeter.jsx,3655,.jsx
C:/CFH/frontend/src/components/ai/BidConfidenceMeter.tsx,4640,.tsx
C:/CFH/frontend/src/components/ai/BidStrategyAdvisor.jsx,2683,.jsx
C:/CFH/frontend/src/components/ai/BidStrategyAdvisor.tsx,3572,.tsx
C:/CFH/frontend/src/components/ai/PredictiveComparison.jsx,5322,.jsx
C:/CFH/frontend/src/components/ai/PredictiveComparison.tsx,6515,.tsx
C:/CFH/frontend/src/components/ai/SmartInsightsWidget.js,2771,.js
C:/CFH/frontend/src/components/ai/SmartInsightsWidget.jsx,2704,.jsx
C:/CFH/frontend/src/components/ai/SmartInsightsWidget.ts,3915,.ts
C:/CFH/frontend/src/components/ai/SmartInsightsWidget.tsx,4122,.tsx
C:/CFH/frontend/src/components/ai/TrustScoreViewer.jsx,3906,.jsx
C:/CFH/frontend/src/components/ai/TrustScoreViewer.tsx,5416,.tsx
C:/CFH/frontend/src/components/ai/ValuationAssistant.jsx,2443,.jsx
C:/CFH/frontend/src/components/ai/ValuationAssistant.tsx,4557,.tsx
C:/CFH/frontend/src/components/ai/ValuationLiveFeed.jsx,3301,.jsx
C:/CFH/frontend/src/components/ai/ValuationLiveFeed.tsx,5996,.tsx
C:/CFH/frontend/src/components/analytics/AnalyticsDashboard.tsx,17000,.tsx
C:/CFH/frontend/src/components/analytics/BIIntegrationPanel.tsx,6462,.tsx
C:/CFH/frontend/src/components/analytics/ChartWidget.tsx,7883,.tsx
C:/CFH/frontend/src/components/analytics/DataTable.tsx,11388,.tsx
C:/CFH/frontend/src/components/analytics/FilterPanel.tsx,12954,.tsx
C:/CFH/frontend/src/components/analytics/NLPQueryInput.tsx,5599,.tsx
C:/CFH/frontend/src/components/analytics/PredictiveGraph.tsx,10787,.tsx
C:/CFH/frontend/src/components/analytics/QualityCheckComponent.tsx,13450,.tsx
C:/CFH/frontend/src/components/arbitrator/ArbitratorAnalyticsPanel.jsx,3051,.jsx
C:/CFH/frontend/src/components/arbitrator/ArbitratorAnalyticsPanel.tsx,3380,.tsx
C:/CFH/frontend/src/components/arbitrator/ArbitratorDashboard.jsx,8655,.jsx
C:/CFH/frontend/src/components/arbitrator/ArbitratorDashboard.tsx,10782,.tsx
C:/CFH/frontend/src/components/auction/AuctionAccessibilityWrapper.jsx,4145,.jsx
C:/CFH/frontend/src/components/auction/AuctionAccessibilityWrapper.tsx,4412,.tsx
C:/CFH/frontend/src/components/auction/AuctionIntelligenceDashboard.jsx,6426,.jsx
C:/CFH/frontend/src/components/auction/AuctionIntelligenceDashboard.tsx,7687,.tsx
C:/CFH/frontend/src/components/auction/AuctionItemListing.tsx,9707,.tsx
C:/CFH/frontend/src/components/auction/AuctionLiveBidTracker.jsx,2893,.jsx
C:/CFH/frontend/src/components/auction/AuctionLiveBidTracker.tsx,4790,.tsx
C:/CFH/frontend/src/components/auction/AuctionManagement.tsx,23075,.tsx
C:/CFH/frontend/src/components/auction/AuctionPremiumInsightsPanel.jsx,4261,.jsx
C:/CFH/frontend/src/components/auction/AuctionPremiumInsightsPanel.tsx,6366,.tsx
C:/CFH/frontend/src/components/auction/AuctionSEOHead.jsx,2823,.jsx
C:/CFH/frontend/src/components/auction/AuctionSEOHead.tsx,4559,.tsx
C:/CFH/frontend/src/components/auction/LiveAuctionStream.tsx,8375,.tsx
C:/CFH/frontend/src/components/auction/SellerBadgePanel.jsx,2392,.jsx
C:/CFH/frontend/src/components/auction/SellerBadgePanel.tsx,2691,.tsx
C:/CFH/frontend/src/components/auth/Login.jsx,1672,.jsx
C:/CFH/frontend/src/components/auth/Login.tsx,2729,.tsx
C:/CFH/frontend/src/components/auth/LoginForm.jsx,1156,.jsx
C:/CFH/frontend/src/components/auth/LoginForm.tsx,2764,.tsx
C:/CFH/frontend/src/components/auth/ProtectedRoute.js,434,.js
C:/CFH/frontend/src/components/auth/ProtectedRoute.ts,1153,.ts
C:/CFH/frontend/src/components/auth/Register.jsx,3141,.jsx
C:/CFH/frontend/src/components/auth/Register.tsx,4701,.tsx
C:/CFH/frontend/src/components/auth/Unauthorized.jsx,707,.jsx
C:/CFH/frontend/src/components/auth/Unauthorized.tsx,1117,.tsx
C:/CFH/frontend/src/components/blockchain/CryptoPaymentOption.jsx,3183,.jsx
C:/CFH/frontend/src/components/blockchain/CryptoPaymentOption.tsx,4327,.tsx
C:/CFH/frontend/src/components/body-shop/AIDamageSummary.tsx,5556,.tsx
C:/CFH/frontend/src/components/body-shop/BodyShopDiscoveryPage.tsx,29708,.tsx
C:/CFH/frontend/src/components/body-shop/BodyShopProfileView.tsx,21575,.tsx
C:/CFH/frontend/src/components/body-shop/CompareShopsTable.tsx,14727,.tsx
C:/CFH/frontend/src/components/body-shop/EstimateRequestForm.tsx,21108,.tsx
C:/CFH/frontend/src/components/body-shop/JobTrackingView.tsx,20497,.tsx
C:/CFH/frontend/src/components/body-shop/RepairJourneyShare.tsx,7754,.tsx
C:/CFH/frontend/src/components/body-shop/ShopOwnerDashboard.tsx,18672,.tsx
C:/CFH/frontend/src/components/body-shop/VirtualShopTour360.tsx,13730,.tsx
C:/CFH/frontend/src/components/buyer/AdminSmartAlertEngine.jsx,4682,.jsx
C:/CFH/frontend/src/components/buyer/AdminSmartAlertEngine.tsx,6064,.tsx
C:/CFH/frontend/src/components/buyer/ARCarPreview.jsx,8708,.jsx
C:/CFH/frontend/src/components/buyer/ARCarPreview.tsx,10845,.tsx
C:/CFH/frontend/src/components/buyer/AuctionResultsViewer.jsx,2971,.jsx
C:/CFH/frontend/src/components/buyer/AuctionResultsViewer.tsx,3486,.tsx
C:/CFH/frontend/src/components/buyer/BidAssistantSimulator.jsx,4012,.jsx
C:/CFH/frontend/src/components/buyer/BidAssistantSimulator.tsx,4902,.tsx
C:/CFH/frontend/src/components/buyer/BuyerAISuggestionEngine.jsx,4527,.jsx
C:/CFH/frontend/src/components/buyer/BuyerAISuggestionEngine.tsx,6225,.tsx
C:/CFH/frontend/src/components/buyer/BuyerAnalyticsDashboard.jsx,6659,.jsx
C:/CFH/frontend/src/components/buyer/BuyerAnalyticsDashboard.tsx,8076,.tsx
C:/CFH/frontend/src/components/buyer/BuyerAuctionHistory.js,2675,.js
C:/CFH/frontend/src/components/buyer/BuyerAuctionHistory.jsx,3466,.jsx
C:/CFH/frontend/src/components/buyer/BuyerAuctionHistory.ts,4698,.ts
C:/CFH/frontend/src/components/buyer/BuyerAuctionHistory.tsx,4842,.tsx
C:/CFH/frontend/src/components/buyer/BuyerBehaviorTracker.jsx,2958,.jsx
C:/CFH/frontend/src/components/buyer/BuyerBehaviorTracker.tsx,4174,.tsx
C:/CFH/frontend/src/components/buyer/BuyerBidHistory.jsx,5529,.jsx
C:/CFH/frontend/src/components/buyer/BuyerBidHistory.tsx,7022,.tsx
C:/CFH/frontend/src/components/buyer/BuyerBidModal.jsx,3263,.jsx
C:/CFH/frontend/src/components/buyer/BuyerBidModal.tsx,5033,.tsx
C:/CFH/frontend/src/components/buyer/BuyerCarCompare.js,9557,.js
C:/CFH/frontend/src/components/buyer/BuyerCarCompare.ts,12187,.ts
C:/CFH/frontend/src/components/buyer/BuyerCommunityForum.jsx,4629,.jsx
C:/CFH/frontend/src/components/buyer/BuyerCommunityForum.tsx,6172,.tsx
C:/CFH/frontend/src/components/buyer/BuyerContractPreviewer.jsx,5655,.jsx
C:/CFH/frontend/src/components/buyer/BuyerContractPreviewer.tsx,7383,.tsx
C:/CFH/frontend/src/components/buyer/BuyerDashboard.jsx,20734,.jsx
C:/CFH/frontend/src/components/buyer/BuyerDeliveryConfirmation.jsx,1718,.jsx
C:/CFH/frontend/src/components/buyer/BuyerEmailSettings.jsx,4501,.jsx
C:/CFH/frontend/src/components/buyer/BuyerEscrowStatus.jsx,5261,.jsx
C:/CFH/frontend/src/components/buyer/BuyerFinancingModal.jsx,4087,.jsx
C:/CFH/frontend/src/components/buyer/BuyerInspectionStatus.js,4419,.js
C:/CFH/frontend/src/components/buyer/BuyerLenderResults.jsx,5062,.jsx
C:/CFH/frontend/src/components/buyer/BuyerLoyaltyDashboard.jsx,7476,.jsx
C:/CFH/frontend/src/components/buyer/BuyerNotificationCenter.jsx,6536,.jsx
C:/CFH/frontend/src/components/buyer/BuyerOnboardingGuide.jsx,8088,.jsx
C:/CFH/frontend/src/components/buyer/BuyerPreferencesForm.jsx,5503,.jsx
C:/CFH/frontend/src/components/buyer/BuyerProgressBar.jsx,1020,.jsx
C:/CFH/frontend/src/components/buyer/BuyerSearchPreferences.jsx,4102,.jsx
C:/CFH/frontend/src/components/buyer/FinancingOffer.js,1078,.js
C:/CFH/frontend/src/components/buyer/FinancingOptionsChart.jsx,3769,.jsx
C:/CFH/frontend/src/components/chat/AuditTrail.jsx,921,.jsx
C:/CFH/frontend/src/components/chat/ChatInterface.jsx,3275,.jsx
C:/CFH/frontend/src/components/chat/CollaborationChat.jsx,6522,.jsx
C:/CFH/frontend/src/components/chat/MessageBubble.jsx,3001,.jsx
C:/CFH/frontend/src/components/common/BlockchainSnapshotViewer.jsx,2180,.jsx
C:/CFH/frontend/src/components/common/Button.jsx,1288,.jsx
C:/CFH/frontend/src/components/common/Card.jsx,423,.jsx
C:/CFH/frontend/src/components/common/ChatAttachmentPreviewer.jsx,1137,.jsx
C:/CFH/frontend/src/components/common/ChatAttachmentUploader.jsx,1939,.jsx
C:/CFH/frontend/src/components/common/CurrencyConverterWidget.jsx,5150,.jsx
C:/CFH/frontend/src/components/common/DocumentUploader.jsx,4232,.jsx
C:/CFH/frontend/src/components/common/ErrorBoundary.jsx,913,.jsx
C:/CFH/frontend/src/components/common/ErrorBoundary.tsx,1543,.tsx
C:/CFH/frontend/src/components/common/FeedbackForm.jsx,3306,.jsx
C:/CFH/frontend/src/components/common/HeatmapChart.jsx,2103,.jsx
C:/CFH/frontend/src/components/common/ImageUploader.jsx,1993,.jsx
C:/CFH/frontend/src/components/common/Input.jsx,1299,.jsx
C:/CFH/frontend/src/components/common/LanguageSelector.jsx,965,.jsx
C:/CFH/frontend/src/components/common/LoadingSpinner.jsx,871,.jsx
C:/CFH/frontend/src/components/common/Messaging.jsx,5091,.jsx
C:/CFH/frontend/src/components/common/MobileUXEnhancer.jsx,4612,.jsx
C:/CFH/frontend/src/components/common/MultiLanguageSupport.jsx,1636,.jsx
C:/CFH/frontend/src/components/common/Navbar.jsx,2149,.jsx
C:/CFH/frontend/src/components/common/NavbarMobileToggle.jsx,2859,.jsx
C:/CFH/frontend/src/components/common/NotificationPreferences.jsx,5100,.jsx
C:/CFH/frontend/src/components/common/PDFPreviewModal.jsx,2748,.jsx
C:/CFH/frontend/src/components/common/PhotoProofUpload.jsx,2493,.jsx
C:/CFH/frontend/src/components/common/PredictiveGraph.jsx,4126,.jsx
C:/CFH/frontend/src/components/common/PremiumFeature.jsx,1903,.jsx
C:/CFH/frontend/src/components/common/ProtectedRoute.jsx,402,.jsx
C:/CFH/frontend/src/components/common/SEOHead.jsx,1707,.jsx
C:/CFH/frontend/src/components/common/ToastManager.jsx,720,.jsx
C:/CFH/frontend/src/components/common/ToastWrapper.jsx,320,.jsx
C:/CFH/frontend/src/components/common/TrustAndAIExplainer.jsx,3257,.jsx
C:/CFH/frontend/src/components/common/UnifiedNotificationCenter.jsx,6205,.jsx
C:/CFH/frontend/src/components/common/UnreadNotificationBadge.jsx,1506,.jsx
C:/CFH/frontend/src/components/common/UserTrustBadges.jsx,1088,.jsx
C:/CFH/frontend/src/components/common/ValuationDisplay.jsx,3744,.jsx
C:/CFH/frontend/src/components/common/ValuationDisplay.tsx,769,.tsx
C:/CFH/frontend/src/components/community/CommunityForum.jsx,5948,.jsx
C:/CFH/frontend/src/components/community/CommunityLeaderboard.jsx,5673,.jsx
C:/CFH/frontend/src/components/contract/ContractPDFViewer.jsx,1670,.jsx
C:/CFH/frontend/src/components/contract/ContractSignaturePad.jsx,2049,.jsx
C:/CFH/frontend/src/components/contract/ContractSummary.jsx,2730,.jsx
C:/CFH/frontend/src/components/contract/ContractViewer.jsx,1684,.jsx
C:/CFH/frontend/src/components/disputes/DisputeAnalytics.jsx,5657,.jsx
C:/CFH/frontend/src/components/disputes/DisputeSimulator.jsx,5459,.jsx
C:/CFH/frontend/src/components/disputes/DisputeTimelineViewer.js,952,.js
C:/CFH/frontend/src/components/disputes/DownloadCaseBundleButton.js,1449,.js
C:/CFH/frontend/src/components/disputes/DownloadDisputePDFButton.js,1506,.js
C:/CFH/frontend/src/components/disputes/JudgeBadgeRenderer.js,1412,.js
C:/CFH/frontend/src/components/disputes/JudgeLeaderboard.js,2003,.js
C:/CFH/frontend/src/components/equity-hub/EquityIntelligenceHub.jsx,4018,.jsx
C:/CFH/frontend/src/components/escrow/EscrowAuditLogViewer.jsx,1085,.jsx
C:/CFH/frontend/src/components/escrow/EscrowConditionChecklist.jsx,4739,.jsx
C:/CFH/frontend/src/components/escrow/EscrowDashboard.jsx,7190,.jsx
C:/CFH/frontend/src/components/escrow/EscrowDocumentGallery.jsx,6110,.jsx
C:/CFH/frontend/src/components/escrow/EscrowDocumentUploader.jsx,8593,.jsx
C:/CFH/frontend/src/components/escrow/EscrowInfoPanel.js,1772,.js
C:/CFH/frontend/src/components/escrow/EscrowOfficerDashboard.jsx,6936,.jsx
C:/CFH/frontend/src/components/escrow/EscrowOfficerHook.js,1127,.js
C:/CFH/frontend/src/components/escrow/EscrowOfficerPremiumPanel.jsx,995,.jsx
C:/CFH/frontend/src/components/escrow/EscrowPaymentManager.jsx,3849,.jsx
C:/CFH/frontend/src/components/escrow/EscrowPaymentManagerNeedsChecking.jsx,1458,.jsx
C:/CFH/frontend/src/components/escrow/EscrowRoleGuard.jsx,464,.jsx
C:/CFH/frontend/src/components/escrow/EscrowSEOHead.jsx,734,.jsx
C:/CFH/frontend/src/components/escrow/EscrowStatusNotifier.jsx,6889,.jsx
C:/CFH/frontend/src/components/escrow/EscrowStatusTracker.jsx,4243,.jsx
C:/CFH/frontend/src/components/escrow/EscrowStatusViewer.jsx,4166,.jsx
C:/CFH/frontend/src/components/escrow/EscrowSyncAdminPanel.jsx,5997,.jsx
C:/CFH/frontend/src/components/escrow/EscrowTransaction.tsx,4969,.tsx
C:/CFH/frontend/src/components/escrow/EscrowTransactionDetailModal.jsx,3031,.jsx
C:/CFH/frontend/src/components/escrow/EscrowTransactionPDFExporter.js,2351,.js
C:/CFH/frontend/src/components/escrow/EscrowTransactionSearch.jsx,2817,.jsx
C:/CFH/frontend/src/components/escrow/EscrowUserAnalyticsPanel.jsx,784,.jsx
C:/CFH/frontend/src/components/finance/FinanceRiskAssessment.jsx,1959,.jsx
C:/CFH/frontend/src/components/gamification/AchievementPopup.jsx,1639,.jsx
C:/CFH/frontend/src/components/gamification/BadgeStorefront.jsx,2564,.jsx
C:/CFH/frontend/src/components/gamification/LeaderboardWidget.jsx,2076,.jsx
C:/CFH/frontend/src/components/guest/GuestDashboard.jsx,6921,.jsx
C:/CFH/frontend/src/components/hauler/BookingModal.jsx,3302,.jsx
C:/CFH/frontend/src/components/hauler/BookingModal.tsx,3924,.tsx
C:/CFH/frontend/src/components/hauler/CarTransportCoordination.jsx,17713,.jsx
C:/CFH/frontend/src/components/hauler/GeoStatusPanel.js,1470,.js
C:/CFH/frontend/src/components/hauler/HaulerAuctionDelivery.jsx,3159,.jsx
C:/CFH/frontend/src/components/hauler/HaulerCommunityBoard.jsx,2915,.jsx
C:/CFH/frontend/src/components/hauler/HaulerJobUploadForm.js,3739,.js
C:/CFH/frontend/src/components/hauler/HaulerLoyaltyDashboard.jsx,7014,.jsx
C:/CFH/frontend/src/components/hauler/HaulerReputationTracker.js,2263,.js
C:/CFH/frontend/src/components/hauler/hauler_job_details_page.tsx,4197,.tsx
C:/CFH/frontend/src/components/hauler/MissionCompletionLeaderboard.jsx,3967,.jsx
C:/CFH/frontend/src/components/hauler/PhotoEvidenceViewer.js,2508,.js
C:/CFH/frontend/src/components/hauler/RouteRiskAnalysis.jsx,2753,.jsx
C:/CFH/frontend/src/components/hauler/TransporterJobStatus.js,3363,.js
C:/CFH/frontend/src/components/hauler/TransporterLiveTracking.js,3064,.js
C:/CFH/frontend/src/components/inspections/InspectionIndexPage.js,4293,.js
C:/CFH/frontend/src/components/inspections/InspectionReportList.js,3365,.js
C:/CFH/frontend/src/components/inspections/InspectionReportViewerPage.js,6942,.js
C:/CFH/frontend/src/components/inspections/InspectionSearchBar.js,1675,.js
C:/CFH/frontend/src/components/inspections/PhotoUpload.tsx,6318,.tsx
C:/CFH/frontend/src/components/inspections/VRInspection.js,1178,.js
C:/CFH/frontend/src/components/insurance/ClaimsProcessor.jsx,2512,.jsx
C:/CFH/frontend/src/components/insurance/InsuranceAIModelPerformance.jsx,5194,.jsx
C:/CFH/frontend/src/components/insurance/InsuranceClaimsAnalytics.jsx,4953,.jsx
C:/CFH/frontend/src/components/insurance/InsuranceClaimsProcessor.jsx,5684,.jsx
C:/CFH/frontend/src/components/insurance/InsuranceComparison.js,794,.js
C:/CFH/frontend/src/components/insurance/InsuranceDashboard.js,2427,.js
C:/CFH/frontend/src/components/insurance/InsuranceOfficerDashboard.jsx,16230,.jsx
C:/CFH/frontend/src/components/insurance/InsurancePolicyManager.jsx,7493,.jsx
C:/CFH/frontend/src/components/insurance/InsuranceRoleGuard.jsx,2440,.jsx
C:/CFH/frontend/src/components/insurance/InsuranceSEOHead.jsx,2126,.jsx
C:/CFH/frontend/src/components/insurance/InsuranceUnderwritingChecklist.jsx,4986,.jsx
C:/CFH/frontend/src/components/insurance/InsurerInsightsChart.jsx,1879,.jsx
C:/CFH/frontend/src/components/insurance/PolicyReviewQueue.js,2882,.js
C:/CFH/frontend/src/components/insurance/QuoteSubmissionForm.js,3109,.js
C:/CFH/frontend/src/components/internal/TestRunnerDashboard.jsx,5576,.jsx
C:/CFH/frontend/src/components/judge/ArbitrationDashboard.js,2615,.js
C:/CFH/frontend/src/components/judge/DisputeAnalyticsPanel.jsx,4233,.jsx
C:/CFH/frontend/src/components/judge/JudgeDashboard.js,6321,.js
C:/CFH/frontend/src/components/judge/JudgePanelControls.jsx,1430,.jsx
C:/CFH/frontend/src/components/judge/SmartVerdictHint.jsx,2761,.jsx
C:/CFH/frontend/src/components/lender/BidDetailViewer.js,2022,.js
C:/CFH/frontend/src/components/lender/contractReviewController.js,2145,.js
C:/CFH/frontend/src/components/lender/FinancingOffer.js,1071,.js
C:/CFH/frontend/src/components/lender/LenderAnalyticsDashboard.js,3304,.js
C:/CFH/frontend/src/components/lender/LenderBidDetailCard.js,2259,.js
C:/CFH/frontend/src/components/lender/LenderBiddingDashboard.js,2797,.js
C:/CFH/frontend/src/components/lender/LenderContractReview.js,2952,.js
C:/CFH/frontend/src/components/lender/LenderContractSummary.js,4903,.js
C:/CFH/frontend/src/components/lender/LenderDashboard.js,5343,.js
C:/CFH/frontend/src/components/lender/LenderDashboard.jsx,7107,.jsx
C:/CFH/frontend/src/components/lender/LenderExportCenter.js,4711,.js
C:/CFH/frontend/src/components/lender/LenderExportPanel.js,3115,.js
C:/CFH/frontend/src/components/lender/LenderExportPanel.jsx,4988,.jsx
C:/CFH/frontend/src/components/lender/LenderInsightsPanel.js,3258,.js
C:/CFH/frontend/src/components/lender/LenderLoyaltyDashboard.jsx,6982,.jsx
C:/CFH/frontend/src/components/lender/LenderMatchListView.js,1758,.js
C:/CFH/frontend/src/components/lender/LenderMatchPreviewCard.js,2355,.js
C:/CFH/frontend/src/components/lender/LenderOnboardingForm.js,4622,.js
C:/CFH/frontend/src/components/lender/LenderPreApprovalDashboard.js,5247,.js
C:/CFH/frontend/src/components/lender/LenderProfilePage.js,4355,.js
C:/CFH/frontend/src/components/lender/lenderReputationController.js,2674,.js
C:/CFH/frontend/src/components/lender/LenderReputationSummary.js,2589,.js
C:/CFH/frontend/src/components/lender/LenderReputationTracker.js,6448,.js
C:/CFH/frontend/src/components/lender/LenderReviewDashboard.js,4102,.js
C:/CFH/frontend/src/components/lender/LenderTermsHistoryViewer.jsx,1500,.jsx
C:/CFH/frontend/src/components/lender/LoanComparison.js,3043,.js
C:/CFH/frontend/src/components/maas/BulkTitleTransfer.jsx,5395,.jsx
C:/CFH/frontend/src/components/maas/MaaSIntegration.jsx,6863,.jsx
C:/CFH/frontend/src/components/marketplace/ActivityOverview.jsx,2264,.jsx
C:/CFH/frontend/src/components/marketplace/BadgeDisplayPanel.jsx,1794,.jsx
C:/CFH/frontend/src/components/marketplace/BestFinancingDealCard.jsx,2222,.jsx
C:/CFH/frontend/src/components/marketplace/HaulerSummaryCard.jsx,2275,.jsx
C:/CFH/frontend/src/components/marketplace/MarketplaceComponent.tsx,9183,.tsx
C:/CFH/frontend/src/components/marketplace/MarketplaceInsightsDashboard.jsx,10059,.jsx
C:/CFH/frontend/src/components/mechanic/AIDiagnosticsAssistant.jsx,1936,.jsx
C:/CFH/frontend/src/components/mechanic/EscrowStatusSync.jsx,1327,.jsx
C:/CFH/frontend/src/components/mechanic/HaulerCollaboration.jsx,3353,.jsx
C:/CFH/frontend/src/components/mechanic/InspectionForm.js,2588,.js
C:/CFH/frontend/src/components/mechanic/InspectionPhotoPreviewer.jsx,4417,.jsx
C:/CFH/frontend/src/components/mechanic/InspectionReportPanel.jsx,2632,.jsx
C:/CFH/frontend/src/components/mechanic/InspectionReportViewer.js,3793,.js
C:/CFH/frontend/src/components/mechanic/LiveInspectionTaskFeed.jsx,2233,.jsx
C:/CFH/frontend/src/components/mechanic/MechanicBadgeConfettiPanel.jsx,1308,.jsx
C:/CFH/frontend/src/components/mechanic/MechanicBadgeDisplayPanel.jsx,2182,.jsx
C:/CFH/frontend/src/components/mechanic/MechanicBadgeImpactTracker.jsx,2021,.jsx
C:/CFH/frontend/src/components/mechanic/MechanicBadgeLeaderboard.jsx,2190,.jsx
C:/CFH/frontend/src/components/mechanic/MechanicBadgeProgressTracker.jsx,2062,.jsx
C:/CFH/frontend/src/components/mechanic/MechanicDashboard.jsx,9144,.jsx
C:/CFH/frontend/src/components/mechanic/MechanicInspectionDetail.js,3762,.js
C:/CFH/frontend/src/components/mechanic/MechanicInspectionForm.jsx,3261,.jsx
C:/CFH/frontend/src/components/mechanic/MechanicJobStatusBadge.jsx,1423,.jsx
C:/CFH/frontend/src/components/mechanic/MechanicMilestoneTracker.jsx,2442,.jsx
C:/CFH/frontend/src/components/mechanic/MechanicProgressReviewBoard.jsx,3069,.jsx
C:/CFH/frontend/src/components/mechanic/MechanicRepairHistoryTimeline.jsx,2260,.jsx
C:/CFH/frontend/src/components/mechanic/MechanicReportDashboard.jsx,5862,.jsx
C:/CFH/frontend/src/components/mechanic/MechanicReviewPanel.jsx,1923,.jsx
C:/CFH/frontend/src/components/mechanic/MechanicRewardConfetti.jsx,1788,.jsx
C:/CFH/frontend/src/components/mechanic/MechanicShiftPlanner.jsx,1109,.jsx
C:/CFH/frontend/src/components/mechanic/MechanicTaskHistoryTable.jsx,2145,.jsx
C:/CFH/frontend/src/components/mechanic/MechanicTaskOutcomeReporter.jsx,2237,.jsx
C:/CFH/frontend/src/components/mechanic/MechanicTaskReporter.jsx,2600,.jsx
C:/CFH/frontend/src/components/mechanic/MechanicTimelineCelebration.jsx,2262,.jsx
C:/CFH/frontend/src/components/mechanic/MechanicVRPhotoUploader.jsx,2663,.jsx
C:/CFH/frontend/src/components/mechanic/MechanicVRPreviewViewer.jsx,2287,.jsx
C:/CFH/frontend/src/components/mechanic/PremiumBadgeHintCard.jsx,2320,.jsx
C:/CFH/frontend/src/components/mechanic/RepairScheduler.jsx,2692,.jsx
C:/CFH/frontend/src/components/mechanic/SharedReportViewer.jsx,1436,.jsx
C:/CFH/frontend/src/components/mechanic/TaskCompletionButton.jsx,2022,.jsx
C:/CFH/frontend/src/components/mechanic/VehicleHealthTrendCharts.jsx,1998,.jsx
C:/CFH/frontend/src/components/mechanic/VehicleInspectionModule.jsx,4574,.jsx
C:/CFH/frontend/src/components/mechanic/VINDecoder.jsx,1735,.jsx
C:/CFH/frontend/src/components/mechanic/VRInspectionViewer.jsx,9527,.jsx
C:/CFH/frontend/src/components/mobile/MobileAnalytics.jsx,2482,.jsx
C:/CFH/frontend/src/components/mobile/MobileAuctionView.jsx,2870,.jsx
C:/CFH/frontend/src/components/mock/MockComponent.jsx,4891,.jsx
C:/CFH/frontend/src/components/needsHome/ARExperience.js,2768,.js
C:/CFH/frontend/src/components/needsHome/AutomationAgent.js,730,.js
C:/CFH/frontend/src/components/needsHome/BadgeDisplay.js,614,.js
C:/CFH/frontend/src/components/needsHome/BulkUpload.js,1960,.js
C:/CFH/frontend/src/components/needsHome/Button.js,1676,.js
C:/CFH/frontend/src/components/needsHome/CommunityDashboard.js,2840,.js
C:/CFH/frontend/src/components/needsHome/CommunityHub.js,725,.js
C:/CFH/frontend/src/components/needsHome/CommunityHubEnhanced.js,872,.js
C:/CFH/frontend/src/components/needsHome/CommunityModeratorDashboard.js,791,.js
C:/CFH/frontend/src/components/needsHome/ComplianceReviewerDashboard.js,829,.js
C:/CFH/frontend/src/components/needsHome/CrossBorderFinancing.js,799,.js
C:/CFH/frontend/src/components/needsHome/DynamicPricing.js,772,.js
C:/CFH/frontend/src/components/needsHome/FinancingCalculator.js,4055,.js
C:/CFH/frontend/src/components/needsHome/FraudDetection.js,779,.js
C:/CFH/frontend/src/components/needsHome/integrationReportValidation.js,4954,.js
C:/CFH/frontend/src/components/needsHome/Leaderboard.js,748,.js
C:/CFH/frontend/src/components/needsHome/LeaveReview.js,2593,.js
C:/CFH/frontend/src/components/needsHome/LoadingSpinner.js,802,.js
C:/CFH/frontend/src/components/needsHome/LoanComparison.js,776,.js
C:/CFH/frontend/src/components/needsHome/LoyaltyQuests.js,768,.js
C:/CFH/frontend/src/components/needsHome/MarketplaceInsights.js,716,.js
C:/CFH/frontend/src/components/needsHome/Messaging.js,2011,.js
C:/CFH/frontend/src/components/needsHome/Navbar.js,1505,.js
C:/CFH/frontend/src/components/needsHome/NotificationCenter.js,4073,.js
C:/CFH/frontend/src/components/needsHome/PaymentForm.js,1802,.js
C:/CFH/frontend/src/components/needsHome/ProtectedRoute.js,575,.js
C:/CFH/frontend/src/components/needsHome/ReferralAnalytics.js,817,.js
C:/CFH/frontend/src/components/needsHome/Register.js,3141,.js
C:/CFH/frontend/src/components/needsHome/RegisterForm.js,1513,.js
C:/CFH/frontend/src/components/needsHome/ReputationBadgeTier.js,667,.js
C:/CFH/frontend/src/components/needsHome/RoleActivityCharts.js,2712,.js
C:/CFH/frontend/src/components/needsHome/RoleSwitchWrapper.js,542,.js
C:/CFH/frontend/src/components/needsHome/SellerCreateListing.js,2094,.js
C:/CFH/frontend/src/components/needsHome/SellerDashboard.js,865,.js
C:/CFH/frontend/src/components/needsHome/SmartRecommendations.js,3577,.js
C:/CFH/frontend/src/components/needsHome/SupportCenter.js,814,.js
C:/CFH/frontend/src/components/needsHome/TradeInForm.js,1761,.js
C:/CFH/frontend/src/components/needsHome/useAuth.js,1413,.js
C:/CFH/frontend/src/components/needsHome/UserProfile.js,3390,.js
C:/CFH/frontend/src/components/needsHome/UserReviewList.js,2214,.js
C:/CFH/frontend/src/components/needsHome/VoiceInteraction.js,619,.js
C:/CFH/frontend/src/components/needsHome/VRViewer.js,553,.js
C:/CFH/frontend/src/components/notifications/AdminEmailNotifications.jsx,5274,.jsx
C:/CFH/frontend/src/components/notifications/NotificationCenter.jsx,4305,.jsx
C:/CFH/frontend/src/components/notifications/NotificationsComponent.tsx,8759,.tsx
C:/CFH/frontend/src/components/notifications/UnreadNotificationBadge.jsx,2026,.jsx
C:/CFH/frontend/src/components/officer/DisputeRadarWidget.jsx,7277,.jsx
C:/CFH/frontend/src/components/onboarding/FinancierOnboarding.js,1196,.js
C:/CFH/frontend/src/components/onboarding/OnboardingGuide.js,1168,.js
C:/CFH/frontend/src/components/onboarding/OnboardingTrigger.jsx,2364,.jsx
C:/CFH/frontend/src/components/onboarding/OnboardingWizard.jsx,4454,.jsx
C:/CFH/frontend/src/components/partner/PartnerPortal.jsx,981,.jsx
C:/CFH/frontend/src/components/premium/BadgeDisplay.jsx,2450,.jsx
C:/CFH/frontend/src/components/premium/LeaderboardDisplay.jsx,2554,.jsx
C:/CFH/frontend/src/components/premium/LiveStreamViewer.jsx,2936,.jsx
C:/CFH/frontend/src/components/premium/PredictiveAssistant.jsx,4538,.jsx
C:/CFH/frontend/src/components/premium/PremiumDashboard.jsx,3825,.jsx
C:/CFH/frontend/src/components/premium/PricingInsights.jsx,3020,.jsx
C:/CFH/frontend/src/components/premium/RecommendedAuctions.jsx,2767,.jsx
C:/CFH/frontend/src/components/premium/SupportChatWidget.jsx,4225,.jsx
C:/CFH/frontend/src/components/premium/SustainabilityMetrics.jsx,3061,.jsx
C:/CFH/frontend/src/components/premium/VRTourLauncher.jsx,2462,.jsx
C:/CFH/frontend/src/components/recommendations/AdvancedSmartRecommendations.js,4313,.js
C:/CFH/frontend/src/components/recommendations/AIInsights.js,688,.js
C:/CFH/frontend/src/components/recommendations/AIRecommendations.js,742,.js
C:/CFH/frontend/src/components/recommendations/loanRecommendationController.js,4313,.js
C:/CFH/frontend/src/components/recommendations/SustainabilityScoring.js,722,.js
C:/CFH/frontend/src/components/seller/AISuggestionEngine.js,2034,.js
C:/CFH/frontend/src/components/seller/CreateListingForm.js,1505,.js
C:/CFH/frontend/src/components/seller/SellerAchievementTracker.jsx,4019,.jsx
C:/CFH/frontend/src/components/seller/SellerActionPanel.jsx,2533,.jsx
C:/CFH/frontend/src/components/seller/SellerActivityInsights.jsx,4201,.jsx
C:/CFH/frontend/src/components/seller/SellerActivityTimeline.jsx,3021,.jsx
C:/CFH/frontend/src/components/seller/SellerAnalyticsChart.jsx,3214,.jsx
C:/CFH/frontend/src/components/seller/SellerAuctionForm.jsx,4877,.jsx
C:/CFH/frontend/src/components/seller/SellerAuctionStarter.jsx,6170,.jsx
C:/CFH/frontend/src/components/seller/SellerAuctionStatus.jsx,2595,.jsx
C:/CFH/frontend/src/components/seller/SellerBadgesPage.jsx,3573,.jsx
C:/CFH/frontend/src/components/seller/SellerContractManager.jsx,5319,.jsx
C:/CFH/frontend/src/components/seller/SellerCreateListing.jsx,5374,.jsx
C:/CFH/frontend/src/components/seller/SellerCustomerTestimonials.jsx,6016,.jsx
C:/CFH/frontend/src/components/seller/SellerDashboard.jsx,4260,.jsx
C:/CFH/frontend/src/components/seller/SellerDeepAnalytics.jsx,2484,.jsx
C:/CFH/frontend/src/components/seller/SellerDisputeCenter.jsx,5157,.jsx
C:/CFH/frontend/src/components/seller/SellerDocVault.jsx,7394,.jsx
C:/CFH/frontend/src/components/seller/SellerEditListing.jsx,4809,.jsx
C:/CFH/frontend/src/components/seller/SellerEmailSettings.jsx,5339,.jsx
C:/CFH/frontend/src/components/seller/SellerEngagementLeaderboard.jsx,5775,.jsx
C:/CFH/frontend/src/components/seller/SellerEscrowStatus.jsx,5076,.jsx
C:/CFH/frontend/src/components/seller/SellerExperienceLevel.jsx,2935,.jsx
C:/CFH/frontend/src/components/seller/SellerExportPanel.jsx,3107,.jsx
C:/CFH/frontend/src/components/seller/SellerGalleryManager.jsx,6259,.jsx
C:/CFH/frontend/src/components/seller/SellerInventoryList.jsx,2620,.jsx
C:/CFH/frontend/src/components/seller/SellerKPIWidget.jsx,3043,.jsx
C:/CFH/frontend/src/components/seller/SellerListingEdit.jsx,8187,.jsx
C:/CFH/frontend/src/components/seller/SellerListingGallery.jsx,5479,.jsx
C:/CFH/frontend/src/components/seller/SellerManageListings.jsx,7810,.jsx
C:/CFH/frontend/src/components/seller/SellerMarketTrendInsights.jsx,5475,.jsx
C:/CFH/frontend/src/components/seller/SellerMilestoneCelebrator.jsx,6387,.jsx
C:/CFH/frontend/src/components/seller/SellerMissionCenter.jsx,5368,.jsx
C:/CFH/frontend/src/components/seller/SellerNotificationCenter.jsx,6577,.jsx
C:/CFH/frontend/src/components/seller/SellerNotifications.jsx,2527,.jsx
C:/CFH/frontend/src/components/seller/SellerOfferTracker.jsx,4255,.jsx
C:/CFH/frontend/src/components/seller/SellerOnboardingGuide.jsx,4023,.jsx
C:/CFH/frontend/src/components/seller/SellerPerformanceComparison.jsx,5061,.jsx
C:/CFH/frontend/src/components/seller/SellerPricingTool.js,2598,.js
C:/CFH/frontend/src/components/seller/SellerProfileCard.jsx,3991,.jsx
C:/CFH/frontend/src/components/seller/SellerReputationDashboard.jsx,11788,.jsx
C:/CFH/frontend/src/components/seller/SellerReviewSummary.jsx,3908,.jsx
C:/CFH/frontend/src/components/seller/SellerRewardsBadgeDisplay.jsx,5106,.jsx
C:/CFH/frontend/src/components/seller/SellerSalesAnalytics.jsx,3029,.jsx
C:/CFH/frontend/src/components/seller/SellerSalesFunnelOverview.jsx,4923,.jsx
C:/CFH/frontend/src/components/seller/SellerSmartBadgeSystem.jsx,6928,.jsx
C:/CFH/frontend/src/components/seller/SellerSuccessTips.jsx,2924,.jsx
C:/CFH/frontend/src/components/seller/SellerViewListing.jsx,5442,.jsx
C:/CFH/frontend/src/components/seller/StartAuctionForm.js,1761,.js
C:/CFH/frontend/src/components/storage/StorageARNavigationApp.jsx,1557,.jsx
C:/CFH/frontend/src/components/storage/StorageAssignmentForm.jsx,1995,.jsx
C:/CFH/frontend/src/components/storage/StorageHostDashboard.js,3185,.js
C:/CFH/frontend/src/components/storage/StorageInventoryTracker.jsx,3328,.jsx
C:/CFH/frontend/src/components/support/SupportChatWidget.jsx,3461,.jsx
C:/CFH/frontend/src/components/support/SupportDashboard.jsx,5954,.jsx
C:/CFH/frontend/src/components/support/SupportTicketAnalytics.jsx,7574,.jsx
C:/CFH/frontend/src/components/support/SupportTicketForm.jsx,2666,.jsx
C:/CFH/frontend/src/components/support/SupportTicketFormInLineFromGrok.jsx,2666,.jsx
C:/CFH/frontend/src/components/tinting/TintingServiceDiscovery.tsx,5570,.tsx
C:/CFH/frontend/src/components/tinting/WindowTintingScheduler.tsx,4665,.tsx
C:/CFH/frontend/src/components/title/BulkTitleTransfer.jsx,5395,.jsx
C:/CFH/frontend/src/components/title/TitleAgentDashboard.js,4202,.js
C:/CFH/frontend/src/components/title/TitleTransferQueue.js,2542,.js
C:/CFH/frontend/src/components/title/TitleVerificationForm.js,2757,.js
C:/CFH/frontend/src/components/user/PointsHistory.jsx,4105,.jsx
C:/CFH/frontend/src/components/user/UserProfilePage.jsx,5289,.jsx
C:/CFH/frontend/src/components/valuation/ARConditionScanner.test.tsx,2183,.tsx
C:/CFH/frontend/src/components/valuation/ARConditionScanner.tsx,1867,.tsx
C:/CFH/frontend/src/components/valuation/ValuationPortfolio.test.tsx,2175,.tsx
C:/CFH/frontend/src/components/valuation/ValuationPortfolio.tsx,2203,.tsx
C:/CFH/frontend/src/components/valuation/ValuationReport.test.tsx,2851,.tsx
C:/CFH/frontend/src/components/valuation/ValuationReport.tsx,1984,.tsx
C:/CFH/frontend/src/components/valuation/VehicleValuation.test.tsx,2925,.tsx
C:/CFH/frontend/src/components/valuation/VehicleValuation.tsx,3932,.tsx
C:/CFH/frontend/src/hooks/escrow/EscrowOfficerHook.js,1047,.js
C:/CFH/frontend/src/hooks/escrow/EscrowOfficerHook.ts,2460,.ts
C:/CFH/frontend/src/services/api/auction.ts,308,.ts
C:/CFH/frontend/src/services/api/communication.ts,308,.ts
C:/CFH/frontend/src/services/api/financing.ts,308,.ts
C:/CFH/frontend/src/services/api/index.ts,432,.ts
C:/CFH/frontend/src/services/api/insurance.ts,308,.ts
C:/CFH/frontend/src/services/api/inventory.ts,308,.ts
C:/CFH/frontend/src/services/api/mechanic.ts,308,.ts
C:/CFH/frontend/src/services/api/storage.ts,308,.ts
C:/CFH/frontend/src/services/api/user.ts,308,.ts
C:/CFH/frontend/src/tests/ai/AIBadgeOverlay.test.js,1326,.js
C:/CFH/frontend/src/tests/ai/AIScorePanel.test.js,1222,.js
C:/CFH/frontend/src/tests/ai/BidConfidenceMeter.test.jsx,3360,.jsx
C:/CFH/frontend/src/tests/ai/BidStrategyAdvisor.test.jsx,3423,.jsx
C:/CFH/frontend/src/tests/ai/PredictiveComparison.test.jsx,13651,.jsx
C:/CFH/frontend/src/tests/ai/SmartInsightsWidget.test.js,1706,.js
C:/CFH/frontend/src/tests/ai/TrustScoreViewer.test.jsx,3551,.jsx
C:/CFH/frontend/src/tests/ai/ValuationAssistant.test.jsx,2975,.jsx
C:/CFH/frontend/src/tests/ai/ValuationLiveFeed.test.jsx,14050,.jsx
C:/CFH/frontend/src/tests/analytics/AnalyticsDashboard.test.tsx,923,.tsx
C:/CFH/frontend/src/tests/analytics/ChartWidget.test.tsx,620,.tsx
C:/CFH/frontend/src/tests/analytics/FilterPanel.test.tsx,849,.tsx
C:/CFH/frontend/src/tests/analytics/test.tsx,8789,.tsx
C:/CFH/frontend/src/tests/arbitrator/ArbitratorAnalyticsPanel.test.jsx,2034,.jsx
C:/CFH/frontend/src/tests/arbitrator/ArbitratorDashboard.test.jsx,2387,.jsx
C:/CFH/frontend/src/tests/auction/AuctionIntegrationTest.js,3536,.js
C:/CFH/frontend/src/tests/auction/AuctionIntelligenceDashboard.test.jsx,3689,.jsx
C:/CFH/frontend/src/tests/auction/AuctionPremiumInsightsPanel.test.jsx,3615,.jsx
C:/CFH/frontend/src/tests/buyer/BuyerAuctionHistory.test.jsx,2695,.jsx
C:/CFH/frontend/src/tests/buyer/BuyerBidModal.test.jsx,2705,.jsx
C:/CFH/frontend/src/tests/buyer/BuyerContractView.test.jsx,1738,.jsx
C:/CFH/frontend/src/tests/buyer/BuyerDeliveryTracker.test.jsx,1673,.jsx
C:/CFH/frontend/src/tests/buyer/BuyerFinancingOffers.test.jsx,1727,.jsx
C:/CFH/frontend/src/tests/buyer/BuyerTitleTracker.test.jsx,1594,.jsx
C:/CFH/frontend/src/tests/components/UserProfilePage.test.jsx,3984,.jsx
C:/CFH/frontend/src/tests/contracts/ContractSummary.test.jsx,2291,.jsx
C:/CFH/frontend/src/tests/equity-hub/EquityIntelligenceHub.test.jsx,2532,.jsx
C:/CFH/frontend/src/tests/escrow/EscrowOfficerDashboard.test.jsx,2428,.jsx
C:/CFH/frontend/src/tests/escrow/EscrowStatusViewer.test.jsx,4181,.jsx
C:/CFH/frontend/src/tests/escrow/EscrowSyncAdminPanel.test.jsx,5011,.jsx
C:/CFH/frontend/src/tests/escrow/EscrowTransaction.test.tsx,2305,.tsx
C:/CFH/frontend/src/tests/finance/FinanceRiskAssessment.test.jsx,1952,.jsx
C:/CFH/frontend/src/tests/gamification/AchievementPopup.test.jsx,2246,.jsx
C:/CFH/frontend/src/tests/gamification/BadgeStorefront.test.jsx,3282,.jsx
C:/CFH/frontend/src/tests/hauler/HaulerAuctionDelivery.test.jsx,3382,.jsx
C:/CFH/frontend/src/tests/insurance/InsuranceAIModelPerformance.test.jsx,4157,.jsx
C:/CFH/frontend/src/tests/insurance/InsuranceClaimsAnalytics.test.jsx,5064,.jsx
C:/CFH/frontend/src/tests/insurance/InsuranceClaimsProcessor.test.jsx,4409,.jsx
C:/CFH/frontend/src/tests/insurance/InsuranceOfficerDashboard.test.jsx,3113,.jsx
C:/CFH/frontend/src/tests/judge/SmartVerdictHint.test.jsx,2274,.jsx
C:/CFH/frontend/src/tests/lender/LenderTermsHistoryViewer.test.jsx,1433,.jsx
C:/CFH/frontend/src/tests/marketplace/MarketplaceInsightsDashboard.test.jsx,5028,.jsx
C:/CFH/frontend/src/tests/mechanic/MechanicInspectionForm.test.jsx,3828,.jsx
C:/CFH/frontend/src/tests/mobile/MobileAnalytics.test.jsx,2201,.jsx
C:/CFH/frontend/src/tests/mobile/MobileAuctionView.test.jsx,2971,.jsx
C:/CFH/frontend/src/tests/officer/DisputeRadarWidget.test.jsx,7994,.jsx
C:/CFH/frontend/src/tests/onboarding/OnboardingWizard.test.jsx,3100,.jsx
C:/CFH/frontend/src/tests/premium/BadgeDisplay.test.jsx,2300,.jsx
C:/CFH/frontend/src/tests/premium/PremiumDashboard.test.jsx,2584,.jsx
C:/CFH/frontend/src/tests/premium/PricingInsights.test.jsx,2606,.jsx
C:/CFH/frontend/src/tests/premium/RecommendedAuctions.test.jsx,2586,.jsx
C:/CFH/frontend/src/tests/premium/SupportChatWidget.test.jsx,2966,.jsx
C:/CFH/frontend/src/tests/premium/VRTourLauncher.jsx,2610,.jsx
C:/CFH/frontend/src/tests/seller/SellerAnalyticsChart.test.jsx,2450,.jsx
C:/CFH/frontend/src/tests/seller/SellerAuctionForm.test.jsx,4024,.jsx
C:/CFH/frontend/src/tests/seller/SellerAuctionStatus.test.jsx,2696,.jsx
C:/CFH/frontend/src/tests/seller/SellerDashboard.test.jsx,3156,.jsx
C:/CFH/frontend/src/tests/seller/SellerInventoryList.test.jsx,2760,.jsx
C:/CFH/frontend/src/tests/seller/SellerNotifications.test.jsx,2632,.jsx
C:/CFH/frontend/src/tests/storage/StorageARNavigationApp.test.jsx,1519,.jsx
C:/CFH/frontend/src/tests/storage/StorageAssignmentForm.test.jsx,2154,.jsx
C:/CFH/frontend/src/tests/storage/StorageInventoryTracker.test.jsx,1777,.jsx
C:/CFH/frontend/src/tests/support/SupportChatWidget.test.jsx,2848,.jsx
C:/CFH/frontend/src/tests/support/SupportDashboard.test.jsx,2597,.jsx
C:/CFH/frontend/src/tests/support/SupportTicketAnalytics.test.jsx,6275,.jsx
C:/CFH/frontend/src/tests/support/SupportTicketForm.test.jsx,1966,.jsx
C:/CFH/frontend/src/tests/user/PointsHistory.test.jsx,3455,.jsx
C:/CFH/frontend/src/tests/user/UserProfilePage.test.jsx,3832,.jsx
C:/CFH/frontend/src/tests/utils/SocialShareHelper.test.js,3861,.js
C:/CFH/frontend/src/utils/auction/auctionExportUtils.jsx,7988,.jsx
C:/CFH/frontend/src/utils/auction/auctionExportUtils.test.jsx,4543,.jsx
C:/CFH/frontend/src/utils/auction/auctionExportUtils.ts,5762,.ts
C:/CFH/frontend/src/utils/auction/auctionExportUtils.tsx,11485,.tsx
C:/CFH/frontend/src/utils/graph/GraphExportService.js,2036,.js
C:/CFH/frontend/src/utils/graph/GraphExportService.ts,3375,.ts
C:/CFH/frontend/src/utils/inspection/blurDetector.ts,1212,.ts
C:/CFH/frontend/src/utils/inspection/submitInspectionToBackend.js,1100,.js
C:/CFH/frontend/src/utils/inspection/submitInspectionToBackend.ts,3023,.ts
C:/CFH/frontend/tests/components/body-shop/AIDamageSummary.test.tsx,7610,.tsx
C:/CFH/frontend/tests/components/body-shop/CompareShopsTable.test.tsx,13865,.tsx
C:/CFH/frontend/tests/components/body-shop/JobTrackingView.test.tsx,13687,.tsx
C:/CFH/frontend/tests/components/body-shop/PartsOrderForm.test.tsx,10037,.tsx
C:/CFH/frontend/tests/components/body-shop/RepairJourneyShare.test.tsx,11515,.tsx
C:/CFH/frontend/tests/components/body-shop/ShopOwnerDashboard.test.tsx,14229,.tsx
C:/CFH/frontend/tests/components/body-shop/VirtualShopTour360.test.tsx,11537,.tsx
C:/CFH/frontend/src/components/admin/analytics/AdminEngagementAnalytics.jsx,982,.jsx
C:/CFH/frontend/src/components/admin/analytics/AdminRoleAnalytics.jsx,1671,.jsx
C:/CFH/frontend/src/components/admin/arbitration/AdminArbitrationDashboard.jsx,3554,.jsx
C:/CFH/frontend/src/components/admin/auction/AdminAuctionOverview.jsx,3991,.jsx
C:/CFH/frontend/src/components/admin/badges/AdminBadgeAuditLog.jsx,2607,.jsx
C:/CFH/frontend/src/components/admin/compliance/AdminComplianceDashboard.jsx,13807,.jsx
C:/CFH/frontend/src/components/admin/contract/AdminContractTemplates.jsx,3268,.jsx
C:/CFH/frontend/src/components/admin/dashboard/AdminDashboard.jsx,3023,.jsx
C:/CFH/frontend/src/components/admin/dashboard/AdminKPIWidget.jsx,671,.jsx
C:/CFH/frontend/src/components/admin/dashboard/AdminSummaryPanel.jsx,1322,.jsx
C:/CFH/frontend/src/components/admin/disputes/AdminDisputeAnalytics.jsx,4963,.jsx
C:/CFH/frontend/src/components/admin/disputes/AdminDisputeArchive.jsx,2675,.jsx
C:/CFH/frontend/src/components/admin/disputes/AdminDisputeDashboard.jsx,4392,.jsx
C:/CFH/frontend/src/components/admin/disputes/AdminDisputeIndex.jsx,2237,.jsx
C:/CFH/frontend/src/components/admin/disputes/DisputeReview.jsx,1533,.jsx
C:/CFH/frontend/src/components/admin/disputes/DisputeSummaryView.jsx,2030,.jsx
C:/CFH/frontend/src/components/admin/disputes/StartAuctionForm.jsx,1761,.jsx
C:/CFH/frontend/src/components/admin/escrow/AdminEscrowClaim.jsx,3921,.jsx
C:/CFH/frontend/src/components/admin/escrow/AdminEscrowMonitor.jsx,3612,.jsx
C:/CFH/frontend/src/components/admin/export/AdminReportExport.jsx,1916,.jsx
C:/CFH/frontend/src/components/admin/finance/AdminFinancialOverview.jsx,2988,.jsx
C:/CFH/frontend/src/components/admin/health/AdminSystemHealth.jsx,2764,.jsx
C:/CFH/frontend/src/components/admin/insights/AdminInsights.jsx,2119,.jsx
C:/CFH/frontend/src/components/admin/layout/AdminLayout.jsx,1178,.jsx
C:/CFH/frontend/src/components/admin/layout/AdminNavigation.jsx,1553,.jsx
C:/CFH/frontend/src/components/admin/layout/AdminSidebar.jsx,1980,.jsx
C:/CFH/frontend/src/components/admin/layout/AdminTopbar.jsx,1368,.jsx
C:/CFH/frontend/src/components/admin/logins/AdminLoginHistory.jsx,2270,.jsx
C:/CFH/frontend/src/components/admin/loyalty/AdminLoyaltyRewards.jsx,2857,.jsx
C:/CFH/frontend/src/components/admin/moderation/AdminModerationCenter.jsx,3705,.jsx
C:/CFH/frontend/src/components/admin/notifications/AdminNotificationCenter.jsx,3815,.jsx
C:/CFH/frontend/src/components/admin/notifications/AdminSmartAlertEngine.jsx,4696,.jsx
C:/CFH/frontend/src/components/admin/payments/AdminPaymentOverview.jsx,3803,.jsx
C:/CFH/frontend/src/components/admin/support/AdminSupportTickets.jsx,2464,.jsx
C:/CFH/frontend/src/components/admin/users/AdminUserManager.jsx,4026,.jsx
C:/CFH/frontend/src/components/ai/bidding/CompetitiveBiddingInterface.jsx,4012,.jsx
C:/CFH/frontend/src/components/auction/core/AuctionHistoryTracker.jsx,2844,.jsx
C:/CFH/frontend/src/components/auction/core/AuctionListingForm.jsx,4288,.jsx
C:/CFH/frontend/src/components/buyer/ai/AIPredictorDashboard.jsx,5483,.jsx
C:/CFH/frontend/src/components/common/compliance/ComplianceConsentForm.jsx,4803,.jsx
C:/CFH/frontend/src/components/common/security/UserSecuritySettings.jsx,7035,.jsx
C:/CFH/frontend/src/components/judge/components/DisputeCard.js,779,.js
C:/CFH/frontend/src/tests/admin/auction/AdminAuctionOverview.test.jsx,3091,.jsx
C:/CFH/frontend/src/tests/auction/core/AuctionHistoryTracker.test.jsx,2519,.jsx
C:/CFH/frontend/src/tests/auction/core/AuctionListingForm.test.jsx,2599,.jsx
C:/CFH/frontend/src/tests/components/auction/AuctionItemListing.test.tsx,10868,.tsx
C:/CFH/frontend/src/tests/components/auctions/AuctionItemListing.test.tsx,9574,.tsx
C:/CFH/frontend/src/tests/components/auctions/LiveAuctionStream.test.tsx,9574,.tsx
C:/CFH/frontend/src/tests/components/common/CurrencyConverterWidget.test.jsx,1913,.jsx
C:/CFH/frontend/src/tests/components/common/PredictiveGraph.test.jsx,2208,.jsx
C:/CFH/frontend/src/tests/components/common/ValuationDisplay.test.jsx,2327,.jsx
C:/CFH/frontend/src/tests/judge/ui/Spinner.test.jsx,395,.jsx
C:/CFH/frontend/src/tests/utils/graph/GraphExportService.test.js,2124,.js
C:/CFH/frontend/src/tests/utils/inspection/blurDetector.test.ts,1826,.ts
C:/CFH/frontend/src/tests/judge/ui/global/PremiumBadge.test.jsx,608,.jsx
C:/CFH/backend/index.ts,252,.ts
C:/CFH/backend/socket.js,3732,.js
C:/CFH/backend/socket.ts,5947,.ts
C:/CFH/backend/routes/users.js,1089,.js
C:/CFH/backend/routes/users.ts,2855,.ts
C:/CFH/backend/services/10 files BidHeatmapEngine.js,25462,.js
C:/CFH/backend/services/10 files BidHeatmapEngine.ts,24260,.ts
C:/CFH/backend/services/auditLog.ts,723,.ts
C:/CFH/backend/services/db.ts,490,.ts
C:/CFH/backend/services/InspectionService.ts,3209,.ts
C:/CFH/backend/services/NotificationService.ts,2748,.ts
C:/CFH/backend/services/userProfileService.ts,1998,.ts
C:/CFH/backend/socket/index.js,237,.js
C:/CFH/backend/socket/index.ts,1086,.ts
C:/CFH/backend/socket/taskSocketEmitter.js,889,.js
C:/CFH/backend/socket/taskSocketEmitter.ts,2673,.ts
C:/CFH/backend/tasks/equityFlowTasks.js,1654,.js
C:/CFH/backend/tests/apiHealthCheck.js,1440,.js
C:/CFH/backend/tests/apiHealthCheckFast.js,1617,.js
C:/CFH/backend/tests/apiTestSuite.js,4859,.js
C:/CFH/backend/tests/apiTestSuite2.js,7495,.js
C:/CFH/backend/tests/arTests.js,6428,.js
C:/CFH/backend/tests/arValidation.js,6140,.js
C:/CFH/backend/tests/bulkTestRunner.js,2099,.js
C:/CFH/backend/tests/bulkTestValidation.js,5305,.js
C:/CFH/backend/tests/coachPlanRoute.test.js,491,.js
C:/CFH/backend/tests/dashboardTests.js,2361,.js
C:/CFH/backend/tests/healthCheck.js,2065,.js
C:/CFH/backend/tests/healthCheckFast.js,1965,.js
C:/CFH/backend/tests/healthCheckValidation.js,6158,.js
C:/CFH/backend/tests/helpers.ts,339,.ts
C:/CFH/backend/tests/integrationReport.js,2046,.js
C:/CFH/backend/tests/integrationReportValidation.js,4958,.js
C:/CFH/backend/tests/judgeApiTests.js,7543,.js
C:/CFH/backend/tests/notificationApiTests.js,5610,.js
C:/CFH/backend/tests/notificationTestValidation.js,5384,.js
C:/CFH/backend/tests/pathFixPrep.js,5267,.js
C:/CFH/backend/tests/pathFixScript.js,2735,.js
C:/CFH/backend/tests/pathFixValidator.js,1324,.js
C:/CFH/backend/tests/performanceTests.js,6279,.js
C:/CFH/backend/tests/performanceValidation.js,5665,.js
C:/CFH/backend/tests/scalabilityValidation.js,6164,.js
C:/CFH/backend/tests/setup.ts,1691,.ts
C:/CFH/backend/tests/storageApiTests.js,7259,.js
C:/CFH/backend/tests/testRunner.js,1609,.js
C:/CFH/backend/tools/aliasCheck.js,321,.js
C:/CFH/backend/types/routes.d.ts,271,.ts
C:/CFH/backend/types/utils.d.ts,4993,.ts
C:/CFH/backend/utils/AIBidPredictor.ts,338,.ts
C:/CFH/backend/utils/AIChatModerator.test.ts,315,.ts
C:/CFH/backend/utils/AIChatModerator.ts,311,.ts
C:/CFH/backend/utils/AIContractRiskAssessor.ts,250,.ts
C:/CFH/backend/utils/AIDisputePredictor.test.ts,1852,.ts
C:/CFH/backend/utils/AIDisputePredictor.ts,356,.ts
C:/CFH/backend/utils/AIEscrowRiskAssessor.ts,339,.ts
C:/CFH/backend/utils/AIFinancingRecommender.ts,270,.ts
C:/CFH/backend/utils/AIFraudDetection.ts,168,.ts
C:/CFH/backend/utils/AILenderMatchRecommender.ts,383,.ts
C:/CFH/backend/utils/AILenderTermsAnalyzer.ts,245,.ts
C:/CFH/backend/utils/AILoanRecommender.ts,322,.ts
C:/CFH/backend/utils/AIMarketplaceAnalytics.ts,394,.ts
C:/CFH/backend/utils/AIPricingEngine.ts,239,.ts
C:/CFH/backend/utils/AIPricingEngineHybrid.ts,258,.ts
C:/CFH/backend/utils/AIResolutionRecommender.ts,346,.ts
C:/CFH/backend/utils/AIRideStrategyCoach.ts,178,.ts
C:/CFH/backend/utils/AISellerNegotiationCoach.test.ts,478,.ts
C:/CFH/backend/utils/AISellerNegotiationCoach.ts,339,.ts
C:/CFH/backend/utils/analytics.ts,132,.ts
C:/CFH/backend/utils/analyticsExportUtils.ts,382,.ts
C:/CFH/backend/utils/BlockchainEscrowAudit.ts,444,.ts
C:/CFH/backend/utils/buyerExportUtils.ts,303,.ts
C:/CFH/backend/utils/cacheManager.ts,215,.ts
C:/CFH/backend/utils/cod1HaulerReviewAI.ts,184,.ts
C:/CFH/backend/utils/constants.ts,312,.ts
C:/CFH/backend/utils/CrownAutoWire.ts,348,.ts
C:/CFH/backend/utils/crypto.ts,113,.ts
C:/CFH/backend/utils/DisputeResolutionHelper.ts,445,.ts
C:/CFH/backend/utils/disputeUtils.ts,115,.ts
C:/CFH/backend/utils/EmailDigestScheduler.ts,200,.ts
C:/CFH/backend/utils/EquityFlowOrchestrator.ts,198,.ts
C:/CFH/backend/utils/errors.ts,139,.ts
C:/CFH/backend/utils/escrowLogic.ts,307,.ts
C:/CFH/backend/utils/EscrowWarningEngine.ts,618,.ts
C:/CFH/backend/utils/HaulerMissionsEngine.test.ts,283,.ts
C:/CFH/backend/utils/HaulerMissionsEngine.ts,385,.ts
C:/CFH/backend/utils/judgeModelUtils.ts,259,.ts
C:/CFH/backend/utils/lenderExportUtils.ts,258,.ts
C:/CFH/backend/utils/LenderMatchEngine.ts,342,.ts
C:/CFH/backend/utils/LoanCalculatorWidget.ts,221,.ts
C:/CFH/backend/utils/LoanMatchEngine.ts,273,.ts
C:/CFH/backend/utils/logger.ts,550,.ts
C:/CFH/backend/utils/LoyaltyProgramEngine.ts,326,.ts
C:/CFH/backend/utils/notificationDispatcher.ts,352,.ts
C:/CFH/backend/utils/notificationEnhancer.ts,388,.ts
C:/CFH/backend/utils/notificationQueue.ts,822,.ts
C:/CFH/backend/utils/notificationTrigger.ts,227,.ts
C:/CFH/backend/utils/pdfGenerator.ts,190,.ts
C:/CFH/backend/utils/PremiumChecker.ts,371,.ts
C:/CFH/backend/utils/PushNotificationService.ts,297,.ts
C:/CFH/backend/utils/redisClient.ts,320,.ts
C:/CFH/backend/utils/reputationEngine.ts,252,.ts
C:/CFH/backend/utils/RiskAssessmentEngine.test.ts,4579,.ts
C:/CFH/backend/utils/RiskAssessmentEngine.ts,4413,.ts
C:/CFH/backend/utils/scalabilityManager.ts,194,.ts
C:/CFH/backend/utils/scoreUtils.ts,242,.ts
C:/CFH/backend/utils/SellerBadgeEngine.ts,258,.ts
C:/CFH/backend/utils/SmartDelayPredictor.test.ts,323,.ts
C:/CFH/backend/utils/SmartDelayPredictor.ts,84,.ts
C:/CFH/backend/utils/timeUtils.ts,428,.ts
C:/CFH/backend/utils/validateInput.ts,189,.ts
C:/CFH/backend/utils/vehicleUtils.ts,103,.ts
C:/CFH/backend/validation/analytics.validation.js,735,.js
C:/CFH/backend/validation/analytics.validation.ts,177,.ts
C:/CFH/backend/validation/auction.validation.ts,902,.ts
C:/CFH/backend/validation/car.validation.ts,2100,.ts
C:/CFH/backend/validation/dispute.validation.ts,1332,.ts
C:/CFH/backend/validation/escrow.validation.js,1286,.js
C:/CFH/backend/validation/escrow.validation.ts,1301,.ts
C:/CFH/backend/validation/evidence.validation.ts,735,.ts
C:/CFH/backend/validation/inspection.validation.ts,1559,.ts
C:/CFH/backend/validation/listing.validation.ts,2545,.ts
C:/CFH/backend/validation/loanOffer.validation.ts,1459,.ts
C:/CFH/backend/validation/message.validation.ts,906,.ts
C:/CFH/backend/validation/mock.validation.ts,583,.ts
C:/CFH/backend/validation/notification.validation.ts,1068,.ts
C:/CFH/backend/validation/payment.validation.ts,1301,.ts
C:/CFH/backend/validation/storage.validation.ts,1813,.ts
C:/CFH/backend/validation/transport.validation.ts,1203,.ts
C:/CFH/backend/validation/user.validation.ts,1022,.ts
C:/CFH/backend/validation/verification.validation.ts,1050,.ts
C:/CFH/backend/workers/notificationQueueWorker.ts,1463,.ts
C:/CFH/backend/controllers/lender/LenderTermsExporter.ts,7458,.ts
C:/CFH/backend/routes/user/userProfile.ts,747,.ts
C:/CFH/backend/routes/user/userProfileRoutes.ts,690,.ts
C:/CFH/backend/routes/utils/photoEvidenceRoutes.js,1160,.js
C:/CFH/backend/routes/utils/photoUploadRoutes.js,1535,.js
C:/CFH/backend/routes/valuation/valuationRoutes.test.ts,1762,.ts
C:/CFH/backend/routes/valuation/valuationRoutes.ts,2203,.ts
C:/CFH/backend/services/ai/AIBidPredictor.ts,338,.ts
C:/CFH/backend/services/ai/aiBodyShopMatchingService.test.ts,10367,.ts
C:/CFH/backend/services/ai/aiBodyShopMatchingService.ts,8992,.ts
C:/CFH/backend/services/ai/aiConflictResolutionService.ts,11882,.ts
C:/CFH/backend/services/ai/aiDamageAssessmentService.ts,8771,.ts
C:/CFH/backend/services/ai/aiJobPredictorService.ts,8270,.ts
C:/CFH/backend/services/ai/AILoanRecommender.ts,333,.ts
C:/CFH/backend/services/ai/DamageAssessmentService.ts,8376,.ts
C:/CFH/backend/services/ai/Heatmap.js,1238,.js
C:/CFH/backend/services/ai/index.ts,239,.ts
C:/CFH/backend/services/ai/insights.js,1896,.js
C:/CFH/backend/services/ai/InsightsService.ts,164,.ts
C:/CFH/backend/services/ai/MLModel.js,5196,.js
C:/CFH/backend/services/ai/partsOrderingService.test.ts,9939,.ts
C:/CFH/backend/services/ai/partsOrderingService.ts,8407,.ts
C:/CFH/backend/services/ai/PartsOrderService.ts,7925,.ts
C:/CFH/backend/services/ai/PredictionEngine.js,2052,.js
C:/CFH/backend/services/ai/RecommendationEngine.js,1838,.js
C:/CFH/backend/services/ai/ShopMatchingService.ts,8383,.ts
C:/CFH/backend/services/ai/TrendAnimation.js,1399,.js
C:/CFH/backend/services/ai/TrustScoreEngine.js,4258,.js
C:/CFH/backend/services/ai/TrustScoreEngine.ts,313,.ts
C:/CFH/backend/services/ai/ValuationForecastingService.ts,1020,.ts
C:/CFH/backend/services/ai/ValuationMetricsService.js,3309,.js
C:/CFH/backend/services/ai/ValuationMetricsService.ts,356,.ts
C:/CFH/backend/services/analytics/analytics.service.js,963,.js
C:/CFH/backend/services/analytics/analytics.service.ts,6750,.ts
C:/CFH/backend/services/analytics/AuctionPerformance.js,2646,.js
C:/CFH/backend/services/analytics/BidHeatmapService.ts,845,.ts
C:/CFH/backend/services/analytics/InsightGenerator.js,2739,.js
C:/CFH/backend/services/analytics/service.ts,8816,.ts
C:/CFH/backend/services/analytics/UserBehaviorTracker.js,2037,.js
C:/CFH/backend/services/ar/index.ts,226,.ts
C:/CFH/backend/services/auction/aiBidService.ts,4139,.ts
C:/CFH/backend/services/auction/AIBidStarter.js,1856,.js
C:/CFH/backend/services/auction/AIEquityFinancer.js,1718,.js
C:/CFH/backend/services/auction/auctionAnalyticsService.ts,7130,.ts
C:/CFH/backend/services/auction/AuctionGamificationEngine.js,3046,.js
C:/CFH/backend/services/auction/AuctionHistory.js,2200,.js
C:/CFH/backend/services/auction/AuctionHistory.ts,159,.ts
C:/CFH/backend/services/auction/AuctionManager.js,3376,.js
C:/CFH/backend/services/auction/AuctionManager.ts,925,.ts
C:/CFH/backend/services/auction/AuctionMetrics.js,2637,.js
C:/CFH/backend/services/auction/AuctionMetrics.ts,173,.ts
C:/CFH/backend/services/auction/AuctionNotifier.js,2178,.js
C:/CFH/backend/services/auction/AuctionNotifier.ts,284,.ts
C:/CFH/backend/services/auction/AuctionScheduler.js,2385,.js
C:/CFH/backend/services/auction/AuctionScheduler.ts,171,.ts
C:/CFH/backend/services/auction/auctionService.ts,12937,.ts
C:/CFH/backend/services/auction/AuctionTemplateEngine.js,2012,.js
C:/CFH/backend/services/auction/BidHeatmapEngine.js,2589,.js
C:/CFH/backend/services/auction/BidService.ts,297,.ts
C:/CFH/backend/services/auction/BidValidator.ts,147,.ts
C:/CFH/backend/services/auction/gamificationService.ts,8204,.ts
C:/CFH/backend/services/auction/proxyBiddingEngine.ts,6581,.ts
C:/CFH/backend/services/auth/AuthService.ts,1397,.ts
C:/CFH/backend/services/blockchain/BlockchainAdapter.js,8066,.js
C:/CFH/backend/services/blockchain/BlockchainAdapter.ts,163,.ts
C:/CFH/backend/services/blockchain/BlockchainLedger.js,2267,.js
C:/CFH/backend/services/blockchain/CryptoPayment.js,1835,.js
C:/CFH/backend/services/blockchain/index.ts,248,.ts
C:/CFH/backend/services/bodyshop/estimateService.ts,19056,.ts
C:/CFH/backend/services/bodyshop/jobService.ts,18860,.ts
C:/CFH/backend/services/bodyshop/shopProfileService.ts,24261,.ts
C:/CFH/backend/services/cache/CacheService.ts,167,.ts
C:/CFH/backend/services/cache/index.ts,215,.ts
C:/CFH/backend/services/communication/MessagingService.js,2203,.js
C:/CFH/backend/services/db/DBService.ts,153,.ts
C:/CFH/backend/services/db/index.ts,2260,.ts
C:/CFH/backend/services/escrow/BlockchainEscrowAudit.ts,363,.ts
C:/CFH/backend/services/escrow/EscrowAuditService.js,3611,.js
C:/CFH/backend/services/escrow/EscrowAuditService.ts,538,.ts
C:/CFH/backend/services/escrow/EscrowChainSync.js,3521,.js
C:/CFH/backend/services/escrow/EscrowChainSync.ts,354,.ts
C:/CFH/backend/services/escrow/EscrowNotificationService.js,2784,.js
C:/CFH/backend/services/escrow/EscrowService.ts,2047,.ts
C:/CFH/backend/services/exchange/index.ts,238,.ts
C:/CFH/backend/services/final/FinalTesting.js,1660,.js
C:/CFH/backend/services/final/PerformanceMonitor.js,1416,.js
C:/CFH/backend/services/final/SecurityAudit.js,2234,.js
C:/CFH/backend/services/final/UserAnalyticsReport.js,2494,.js
C:/CFH/backend/services/financing/BlindInvestor.js,2906,.js
C:/CFH/backend/services/insurance/InsuranceProvider.js,3058,.js
C:/CFH/backend/services/integrations/insuranceIntegrationService.ts,10015,.ts
C:/CFH/backend/services/lender/LenderTermsExporter.js,400,.js
C:/CFH/backend/services/lender/LenderTermsService.ts,2661,.ts
C:/CFH/backend/services/mechanic/mechanicFeedbackService.ts,5058,.ts
C:/CFH/backend/services/mobile/MobileBidHandler.js,2239,.js
C:/CFH/backend/services/mobile/MobileNotifications.js,2665,.js
C:/CFH/backend/services/notification/index.ts,238,.ts
C:/CFH/backend/services/notification/NotificationService.ts,2043,.ts
C:/CFH/backend/services/notification/reminderService.ts,12795,.ts
C:/CFH/backend/services/officer/AuditLogViewer.js,2533,.js
C:/CFH/backend/services/officer/ComplianceChecker.js,2911,.js
C:/CFH/backend/services/officer/DisputeManager.js,2765,.js
C:/CFH/backend/services/officer/ListingApproval.js,2928,.js
C:/CFH/backend/services/officer/PlatformMonitor.js,2481,.js
C:/CFH/backend/services/officer/UserManagement.js,2534,.js
C:/CFH/backend/services/onboarding/PreferencesSetup.js,2204,.js
C:/CFH/backend/services/onboarding/UserOnboarding.js,2021,.js
C:/CFH/backend/services/onboarding/WelcomeNotification.js,2372,.js
C:/CFH/backend/services/operational/ComplianceEnhancer.js,2285,.js
C:/CFH/backend/services/operational/ErrorHandler.js,1726,.js
C:/CFH/backend/services/operational/FeedbackReport.js,1732,.js
C:/CFH/backend/services/operational/FeedbackSystem.js,2656,.js
C:/CFH/backend/services/operational/LaunchChecklist.js,2319,.js
C:/CFH/backend/services/operational/PaymentProcessor.js,2577,.js
C:/CFH/backend/services/operational/PerformanceOptimizer.js,2125,.js
C:/CFH/backend/services/payment/index.ts,283,.ts
C:/CFH/backend/services/payments/PaymentService.ts,144,.ts
C:/CFH/backend/services/premium/AIAuctionSimulator.js,3065,.js
C:/CFH/backend/services/premium/AIInsightBuyer.js,2857,.js
C:/CFH/backend/services/premium/AIInsightSeller.js,3046,.js
C:/CFH/backend/services/premium/AIRecommendationEngine.js,1670,.js
C:/CFH/backend/services/premium/ARVehicleView.js,1914,.js
C:/CFH/backend/services/premium/BlockchainAudit.js,2559,.js
C:/CFH/backend/services/premium/CrossBorderCommerce.js,2508,.js
C:/CFH/backend/services/premium/DynamicPricing.js,2852,.js
C:/CFH/backend/services/premium/LiveStreamAuction.js,1811,.js
C:/CFH/backend/services/premium/LoyaltyRewards.js,2745,.js
C:/CFH/backend/services/premium/PostAuctionInsights.js,3129,.js
C:/CFH/backend/services/premium/PredictiveAssistant.js,3968,.js
C:/CFH/backend/services/premium/PremiumSupportChat.js,2265,.js
C:/CFH/backend/services/premium/RealTimePredictor.js,2604,.js
C:/CFH/backend/services/premium/SocialGamification.js,6491,.js
C:/CFH/backend/services/premium/SocialShareHelper.js,2296,.js
C:/CFH/backend/services/premium/VirtualAuctionRoom.js,2113,.js
C:/CFH/backend/services/premium/VoiceBidAssistant.js,2855,.js
C:/CFH/backend/services/premium/VRVehicleTour.js,2287,.js
C:/CFH/backend/services/security/DDoSProtector.js,1640,.js
C:/CFH/backend/services/security/index.ts,192,.ts
C:/CFH/backend/services/security/RateLimiter.js,1661,.js
C:/CFH/backend/services/security/SecurityLogger.js,1643,.js
C:/CFH/backend/services/security/SessionValidator.js,3511,.js
C:/CFH/backend/services/seo/SEOHelper.js,2056,.js
C:/CFH/backend/services/social/index.ts,233,.ts
C:/CFH/backend/services/storage/StorageAuction.js,4565,.js
C:/CFH/backend/services/streaming/liveStreamService.ts,6151,.ts
C:/CFH/backend/services/user/UserActivity.js,1474,.js
C:/CFH/backend/services/user/UserActivity.ts,311,.ts
C:/CFH/backend/services/user/UserAuth.js,2224,.js
C:/CFH/backend/services/user/UserAuth.ts,343,.ts
C:/CFH/backend/services/user/UserNotifications.js,2790,.js
C:/CFH/backend/services/user/UserNotifications.ts,209,.ts
C:/CFH/backend/services/user/UserPreferences.js,2310,.js
C:/CFH/backend/services/user/UserPreferences.ts,207,.ts
C:/CFH/backend/services/user/UserProfile.js,1996,.js
C:/CFH/backend/services/user/UserProfileService.ts,530,.ts
C:/CFH/backend/services/user/UserSettings.js,2173,.js
C:/CFH/backend/services/user/UserSettings.ts,203,.ts
C:/CFH/backend/services/valuation/ReportService.ts,1907,.ts
C:/CFH/backend/services/valuation/ValuationService.ts,1537,.ts
C:/CFH/backend/services/vin/VinDecoderService.ts,1211,.ts
C:/CFH/backend/services/voice/index.ts,270,.ts
C:/CFH/backend/services/vr/index.ts,261,.ts
C:/CFH/backend/services/websocket/index.ts,259,.ts
C:/CFH/backend/services/websocket/WebSocketCluster.js,1330,.js
C:/CFH/backend/services/websocket/WebSocketService.js,1715,.js
C:/CFH/backend/tests/ai/Heatmap.test.js,2325,.js
C:/CFH/backend/tests/ai/PredictionEngine.test.js,2466,.js
C:/CFH/backend/tests/ai/RecommendationEngine.test.js,2710,.js
C:/CFH/backend/tests/ai/TrendAnimation.test.js,2783,.js
C:/CFH/backend/tests/analytics/analytics.service.test.js,2238,.js
C:/CFH/backend/tests/analytics/analytics.service.test.ts,756,.ts
C:/CFH/backend/tests/auction/AuctionHistory.test.js,3713,.js
C:/CFH/backend/tests/auction/AuctionManager.test.js,4368,.js
C:/CFH/backend/tests/auction/AuctionMetrics.test.js,3681,.js
C:/CFH/backend/tests/auction/AuctionNotifier.test.js,3557,.js
C:/CFH/backend/tests/auction/AuctionReputationTracker.test.js,3199,.js
C:/CFH/backend/tests/auction/AuctionScheduler.test.js,4281,.js
C:/CFH/backend/tests/auction/BidHeatmapService.test.ts,879,.ts
C:/CFH/backend/tests/auction/BidValidator.test.js,2464,.js
C:/CFH/backend/tests/auctions/auctions.test.js,2044,.js
C:/CFH/backend/tests/auctions/auctions.test.ts,640,.ts
C:/CFH/backend/tests/auctions/BidHeatmapService.test.ts,878,.ts
C:/CFH/backend/tests/config/AuctionConfig.test.js,2398,.js
C:/CFH/backend/tests/controllers/NotificationController.test.ts,4923,.ts
C:/CFH/backend/tests/escrow/escrow.service.test.js,2878,.js
C:/CFH/backend/tests/escrow/escrow.service.test.ts,2451,.ts
C:/CFH/backend/tests/escrow/EscrowIntegrationTest.js,1997,.js
C:/CFH/backend/tests/escrow/EscrowService.test.ts,880,.ts
C:/CFH/backend/tests/final/FinalTesting.test.js,2280,.js
C:/CFH/backend/tests/final/SecurityAudit.test.js,3531,.js
C:/CFH/backend/tests/final/UserAnalyticsReport.test.js,2876,.js
C:/CFH/backend/tests/insurance/InsuranceIntegrationTest.js,4284,.js
C:/CFH/backend/tests/integration/escrow.integration.test.ts,627,.ts
C:/CFH/backend/tests/middleware/auth.test.ts,1140,.ts
C:/CFH/backend/tests/middleware/rateLimiter.test.ts,768,.ts
C:/CFH/backend/tests/middleware/RBACMiddleware.test.ts,202,.ts
C:/CFH/backend/tests/middleware/redisCache.test.ts,3031,.ts
C:/CFH/backend/tests/middleware/tierCheck.test.ts,7089,.ts
C:/CFH/backend/tests/mobile/MobileBidHandler.test.js,3944,.js
C:/CFH/backend/tests/mobile/MobileNotifications.test.js,4587,.js
C:/CFH/backend/tests/mocks/db.js,1248,.js
C:/CFH/backend/tests/officer/AuditLogViewer.test.js,3839,.js
C:/CFH/backend/tests/officer/ComplianceChecker.test.js,4475,.js
C:/CFH/backend/tests/officer/DisputeManager.test.js,4358,.js
C:/CFH/backend/tests/officer/ListingApproval.test.js,4837,.js
C:/CFH/backend/tests/officer/PlatformMonitor.test.js,3997,.js
C:/CFH/backend/tests/officer/UserManagement.test.js,4010,.js
C:/CFH/backend/tests/onboarding/PreferencesSetup.test.js,2856,.js
C:/CFH/backend/tests/onboarding/UserOnboarding.test.js,2817,.js
C:/CFH/backend/tests/onboarding/WelcomeNotification.test.js,3508,.js
C:/CFH/backend/tests/operational/ComplianceEnhancer.test.js,3090,.js
C:/CFH/backend/tests/operational/ErrorHandler.test.js,3135,.js
C:/CFH/backend/tests/operational/FeedbackSystem.test.js,4010,.js
C:/CFH/backend/tests/operational/LaunchChecklist.test.js,3666,.js
C:/CFH/backend/tests/operational/PaymentProcessor.test.js,3882,.js
C:/CFH/backend/tests/operational/PerformanceOptimizer.test.js,3109,.js
C:/CFH/backend/tests/payments/PaymentService.test.ts,317,.ts
C:/CFH/backend/tests/premium/AIAuctionSimulator.test.js,3898,.js
C:/CFH/backend/tests/premium/AIInsightBuyer.test.js,4236,.js
C:/CFH/backend/tests/premium/AIInsightSeller.test.js,4254,.js
C:/CFH/backend/tests/premium/ARVehicleView.test.js,3256,.js
C:/CFH/backend/tests/premium/BlockchainAudit.test.js,3935,.js
C:/CFH/backend/tests/premium/CrossBorderCommerce.test.js,3919,.js
C:/CFH/backend/tests/premium/DynamicPricing.test.js,4123,.js
C:/CFH/backend/tests/premium/LoyaltyRewards.test.js,4034,.js
C:/CFH/backend/tests/premium/PostAuctionInsights.test.js,4711,.js
C:/CFH/backend/tests/premium/PremiumSupportChat.test.js,3881,.js
C:/CFH/backend/tests/premium/RealTimePredictor.test.js,4209,.js
C:/CFH/backend/tests/premium/SocialGamification.test.js,3488,.js
C:/CFH/backend/tests/premium/SocialShareHelper.test.js,3901,.js
C:/CFH/backend/tests/premium/VirtualAuctionRoom.test.js,3990,.js
C:/CFH/backend/tests/premium/VoiceBidAssistant.test.js,4515,.js
C:/CFH/backend/tests/premium/VRVehicleTour.test.js,3791,.js
C:/CFH/backend/tests/regression/WowRegression.test.js,147,.js
C:/CFH/backend/tests/security/RateLimiter.test.js,2763,.js
C:/CFH/backend/tests/security/SessionValidator.test.js,3198,.js
C:/CFH/backend/tests/services/SecurityLogger.test.js,2936,.js
C:/CFH/backend/tests/socket/socket.test.js,386,.js
C:/CFH/backend/tests/user/UserActivity.test.js,2471,.js
C:/CFH/backend/tests/user/UserAuth.test.js,2958,.js
C:/CFH/backend/tests/user/UserNotifications.test.js,4372,.js
C:/CFH/backend/tests/user/UserPreferences.test.js,3575,.js
C:/CFH/backend/tests/user/UserProfile.test.js,2669,.js
C:/CFH/backend/tests/user/UserSettings.test.js,3352,.js
C:/CFH/backend/tests/utils/AIChatModerator.test.ts,358,.ts
C:/CFH/backend/tests/utils/AIDisputePredictor.test.ts,898,.ts
C:/CFH/backend/tests/utils/AISellerNegotiationCoach.test.ts,554,.ts
C:/CFH/backend/tests/utils/HaulerMissionsEngine.test.ts,323,.ts
C:/CFH/backend/tests/utils/logger.test.js,638,.js
C:/CFH/backend/tests/utils/SmartDelayPredictor.test.ts,281,.ts
C:/CFH/backend/tests/workers/NotificationWorker.test.ts,680,.ts
C:/CFH/backend/types/express/index.d.ts,110,.ts
C:/CFH/backend/utils/ai/AIInspectionDamageClassifier.ts,195,.ts
C:/CFH/backend/utils/ai/MechanicAIExplainer.ts,149,.ts
C:/CFH/backend/utils/arbitration/AIDisputePredictor.ts,356,.ts
C:/CFH/backend/utils/arbitration/arbitrationExportTools.ts,369,.ts
C:/CFH/backend/utils/auction/AIInsightEngine.ts,320,.ts
C:/CFH/backend/utils/auction/AuctionAnalyticsScheduler.ts,205,.ts
C:/CFH/backend/utils/auction/AuctionTimer.ts,299,.ts
C:/CFH/backend/utils/blockchain/BlockchainInspectionAudit.ts,3404,.ts
C:/CFH/backend/utils/escrow/EscrowAuditLogStore.ts,159,.ts
C:/CFH/backend/utils/escrow/EscrowAutoReleaseEngine.ts,234,.ts
C:/CFH/backend/utils/escrow/EscrowBlockchainExporter.ts,244,.ts
C:/CFH/backend/utils/escrow/EscrowDisputeLinker.ts,318,.ts
C:/CFH/backend/utils/escrow/EscrowFinalizationChecklist.ts,2110,.ts
C:/CFH/backend/utils/escrow/EscrowTransactionPDFExporter.ts,282,.ts
C:/CFH/backend/utils/exportUtils/arbitrationExportTools.ts,340,.ts
C:/CFH/backend/utils/exportUtils/pdfExportService.ts,190,.ts
C:/CFH/backend/utils/insurance/InsuranceMarketPredictor.ts,361,.ts
C:/CFH/backend/utils/insurance/InsuranceQuoteAnalyzer.ts,203,.ts
C:/CFH/backend/utils/mechanic/MechanicAIRepairRecommender.ts,238,.ts
C:/CFH/backend/utils/mechanic/MechanicBadgeCelebrationLogic.ts,215,.ts
C:/CFH/backend/utils/mechanic/MechanicInspectionReportBuilder.ts,240,.ts
C:/CFH/backend/utils/mechanic/MechanicLeaderboard.ts,199,.ts
C:/CFH/backend/utils/mechanic/MechanicVoiceDictation.ts,216,.ts
C:/CFH/backend/utils/mechanic/RepairCostPredictor.ts,256,.ts
C:/CFH/backend/utils/mechanic/ReportSharer.ts,209,.ts
C:/CFH/backend/validation/analytics/analytics.validation.ts,9880,.ts
C:/CFH/backend/validation/analytics/validation.ts,5075,.ts
C:/CFH/backend/validation/bodyshop/estimateValidation.ts,8002,.ts
C:/CFH/backend/tests/controllers/lender/LenderTermsExporter.test.ts,3631,.ts
C:/CFH/backend/tests/routes/ai/insights.test.js,3807,.js
C:/CFH/backend/tests/routes/auctions/auctionManagement.test.ts,17597,.ts
C:/CFH/backend/tests/routes/auctions/auctionRoutes.test.ts,7703,.ts
C:/CFH/backend/tests/routes/bodyshop/estimateRoutes.test.ts,20949,.ts
C:/CFH/backend/tests/routes/buyer/auctions.test.js,2710,.js
C:/CFH/backend/tests/routes/escrow/EscrowRoutes.test.ts,1373,.ts
C:/CFH/backend/tests/services/ai/aiConflictResolutionService.test.ts,12522,.ts
C:/CFH/backend/tests/services/ai/aiDamageAssessmentService.test.ts,8892,.ts
C:/CFH/backend/tests/services/ai/aiJobPredictorService.test.ts,8687,.ts
C:/CFH/backend/tests/services/ai/DamageAssessmentService.test.ts,9473,.ts
C:/CFH/backend/tests/services/ai/PartsOrderService.test.ts,8767,.ts
C:/CFH/backend/tests/services/ai/PredictionEngine.test.js,6613,.js
C:/CFH/backend/tests/services/ai/ShopMatchingService.test.ts,9778,.ts
C:/CFH/backend/tests/services/ai/TrustScoreEngine.test.js,336,.js
C:/CFH/backend/tests/services/ai/ValuationForecastingService.test.ts,808,.ts
C:/CFH/backend/tests/services/ai/ValuationMetricsService.test.js,377,.js
C:/CFH/backend/tests/services/analytics/test.ts,9666,.ts
C:/CFH/backend/tests/services/auction/aiBidService.test.ts,6205,.ts
C:/CFH/backend/tests/services/bodyshop/estimateService.test.ts,16768,.ts
C:/CFH/backend/tests/services/bodyshop/shopProfileService.test.ts,18995,.ts
C:/CFH/backend/tests/services/escrow/escrow.service.test.ts,2451,.ts
C:/CFH/backend/tests/services/escrow/EscrowAuditService.test.js,5669,.js
C:/CFH/backend/tests/services/escrow/EscrowAuditService.test.ts,898,.ts
C:/CFH/backend/tests/services/escrow/EscrowChainSync.test.js,3684,.js
C:/CFH/backend/tests/services/escrow/EscrowNotificationService.test.js,395,.js
C:/CFH/backend/tests/services/integrations/insuranceIntegrationService.test.ts,12302,.ts
C:/CFH/backend/tests/services/lender/LenderTermsExporter.test.js,2113,.js
C:/CFH/backend/tests/services/notifications/NotificationService.test.ts,2099,.ts
C:/CFH/backend/tests/services/notifications/reminderService.test.ts,9584,.ts
C:/CFH/backend/tests/services/payments/PaymentService.test.ts,317,.ts
C:/CFH/backend/tests/services/valuation/ValuationService.test.ts,1245,.ts
C:/CFH/backend/tests/services/vin/VinDecoderService.test.ts,883,.ts
C:/CFH/backend/tests/validation/bodyshop/estimateValidation.test.ts,14198,.ts
C:/CFH/backend/tests/routes/disputes/analytics/arbitrator-performance.test.js,2735,.js
