path,size,mtime,sha1
C:\CFH\frontend\node_modules\date-fns\fp\eachMonthOfIntervalWithOptions.js,368,1758994891,b1bbd9e9034faac4eb4c49d59543d3ed870b78a1
C:\CFH\frontend\node_modules\date-fns\fp\eachQuarterOfInterval.d.ts,473,1758994894,cfc9810707eb9d5d66c657d79a40b5a1c5707b74
C:\CFH\frontend\node_modules\date-fns\fp\eachQuarterOfInterval.js,354,1758994891,f40559e1a59b01961408fb111eaca23d8c824690
C:\CFH\frontend\node_modules\date-fns\fp\eachQuarterOfIntervalWithOptions.d.ts,576,1758994894,8b886436ae3fb9e43f8f4135fe03200c0320b8f2
C:\CFH\frontend\node_modules\date-fns\fp\eachQuarterOfIntervalWithOptions.js,376,1758994891,958e26743aad5acf1b9d4c4788fc8c13603a2fd2
C:\CFH\frontend\node_modules\date-fns\fp\eachWeekendOfInterval.d.ts,473,1758994894,4381801e820995fbb876929c8027da0561215a27
C:\CFH\frontend\node_modules\date-fns\fp\eachWeekendOfInterval.js,354,1758994891,3030baf20519e6469fe190801dca573019d4d7ad
C:\CFH\frontend\node_modules\date-fns\fp\eachWeekendOfIntervalWithOptions.d.ts,576,1758994894,465a296ab533991d0081bcff25b1abf18b191a9e
C:\CFH\frontend\node_modules\date-fns\fp\eachWeekendOfIntervalWithOptions.js,376,1758994891,458a711b916d151e555094f93ac681727a0eb835
C:\CFH\frontend\node_modules\date-fns\fp\eachWeekendOfMonth.d.ts,117,1758994894,a80849ff5288b33fe3ead08b584f1dfad80aa4ac
C:\CFH\frontend\node_modules\date-fns\fp\eachWeekendOfMonth.js,342,1758994891,ea5f727ddf7bba0e9cbc64054b39db12ca82b229
C:\CFH\frontend\node_modules\date-fns\fp\eachWeekendOfMonthWithOptions.d.ts,214,1758994894,075a45518abb2eb19d4bdbe0c57383666dcffc9a
C:\CFH\frontend\node_modules\date-fns\fp\eachWeekendOfMonthWithOptions.js,364,1758994891,b084be05d13b8dc2a230a042fa9f1d3f2e5ca4b3
C:\CFH\frontend\node_modules\date-fns\fp\eachWeekendOfYear.d.ts,116,1758994894,92b6fea466687f2f9fd8234bfaef4c82b1a62729
C:\CFH\frontend\node_modules\date-fns\fp\eachWeekendOfYear.js,338,1758994891,053e74d6e1df3888225a1f39410e9c74134e2213
C:\CFH\frontend\node_modules\date-fns\fp\eachWeekendOfYearWithOptions.d.ts,211,1758994894,d3cca23951778cdd482dfcb190fbb5b8c4f1855c
C:\CFH\frontend\node_modules\date-fns\fp\eachWeekendOfYearWithOptions.js,360,1758994891,d6059636d5614fb1688a2e04fdd56f60e3dbd84e
C:\CFH\frontend\node_modules\date-fns\fp\eachWeekOfInterval.d.ts,458,1758994894,86bef1af5d5b360a177c18e21af057bfc1cdce97
C:\CFH\frontend\node_modules\date-fns\fp\eachWeekOfInterval.js,342,1758994891,f85ff884cac5e6c8375e76c7d3cadfae70c5e480
C:\CFH\frontend\node_modules\date-fns\fp\eachWeekOfIntervalWithOptions.d.ts,555,1758994894,e62d08d0a55c669e944608be88302a750fbda609
C:\CFH\frontend\node_modules\date-fns\fp\eachWeekOfIntervalWithOptions.js,364,1758994891,7394ed2ac4e287ff452c376f4d0d6a891382d7b9
C:\CFH\frontend\node_modules\date-fns\fp\eachYearOfInterval.d.ts,458,1758994894,596766adc86837bd7acdb9d15ea7d03833e75f79
C:\CFH\frontend\node_modules\date-fns\fp\eachYearOfInterval.js,342,1758994891,fa2f30150fe0039ef9891bc64e5e212b6a51146f
C:\CFH\frontend\node_modules\date-fns\fp\eachYearOfIntervalWithOptions.d.ts,555,1758994894,24096fe80097b4471b061660fc2446e33e057f42
C:\CFH\frontend\node_modules\date-fns\fp\eachYearOfIntervalWithOptions.js,364,1758994891,9eda292ef6ca4a8a7dd208247441fc4760de6582
C:\CFH\frontend\node_modules\date-fns\fp\endOfDay.d.ts,105,1758994894,07f13ba9f05e01e587491cd79bba80ab65a94a6a
C:\CFH\frontend\node_modules\date-fns\fp\endOfDay.js,302,1758994891,03b1099f23ceb1578ab4e8663e3cf1161c6ae185
C:\CFH\frontend\node_modules\date-fns\fp\endOfDayWithOptions.d.ts,178,1758994894,c0224d90739ea54c859dd4e35d2586420775fdb8
C:\CFH\frontend\node_modules\date-fns\fp\endOfDayWithOptions.js,324,1758994891,83a7f3db3dbc3c073b112da372c86ba72e1b3e00
C:\CFH\frontend\node_modules\date-fns\fp\endOfDecade.d.ts,108,1758994894,a97b20e6b227c35a6c8ae48bf3bd5b3207b7fd8f
C:\CFH\frontend\node_modules\date-fns\fp\endOfDecade.js,314,1758994891,26a4ea8a259508a985309ea3fe35201f695c28a9
C:\CFH\frontend\node_modules\date-fns\fp\endOfDecadeWithOptions.d.ts,187,1758994894,8c85f5ad7b78d9caa09c3a65eda08743e8ae4323
C:\CFH\frontend\node_modules\date-fns\fp\endOfDecadeWithOptions.js,336,1758994891,4d3d7130716f3de5e6e1629e827b5a0a44d8be74
C:\CFH\frontend\node_modules\date-fns\fp\endOfHour.d.ts,106,1758994894,31e28902c0757b697b5b42c0039f62c66724eff8
C:\CFH\frontend\node_modules\date-fns\fp\endOfHour.js,306,1758994891,177cc87580f1f1ccfa9aa867c1ae1846fcd4b398
C:\CFH\frontend\node_modules\date-fns\fp\endOfHourWithOptions.d.ts,181,1758994894,18022f26edd61555ae1d0e2d899d1fb36316be3a
C:\CFH\frontend\node_modules\date-fns\fp\endOfHourWithOptions.js,328,1758994891,eee5b1ab55f8e5d878fcea2bba0e6e582537b080
C:\CFH\frontend\node_modules\date-fns\fp\endOfISOWeek.d.ts,109,1758994894,363c1b09ee3fbf5bef629a478104a9c9e6abcd7a
C:\CFH\frontend\node_modules\date-fns\fp\endOfISOWeek.js,318,1758994891,1f934a45c9aa660cc4897473d9239a96283efee2
C:\CFH\frontend\node_modules\date-fns\fp\endOfISOWeekWithOptions.d.ts,190,1758994894,7c594393c11f477ebc090f089fe792f0a13c06e6
C:\CFH\frontend\node_modules\date-fns\fp\endOfISOWeekWithOptions.js,340,1758994891,ef45f34c9279600f7237bea3858c40301f5b5425
C:\CFH\frontend\node_modules\date-fns\fp\endOfISOWeekYear.d.ts,113,1758994894,065a2a0471d656286d37b78dcd4912ada4fd4780
C:\CFH\frontend\node_modules\date-fns\fp\endOfISOWeekYear.js,334,1758994891,4c575c046c3c370abc851adb640b73a99f52903d
C:\CFH\frontend\node_modules\date-fns\fp\endOfISOWeekYearWithOptions.d.ts,206,1758994894,662dd2c62aa908dc1f019a8a17a8f799dc7018ac
C:\CFH\frontend\node_modules\date-fns\fp\endOfISOWeekYearWithOptions.js,356,1758994891,38368193828436f291159d0622623b26123f7e8d
C:\CFH\frontend\node_modules\date-fns\fp\endOfMinute.d.ts,108,1758994894,3da7ce9cfdd89c31103dd90de1275fa84bfede2c
C:\CFH\frontend\node_modules\date-fns\fp\endOfMinute.js,314,1758994891,414703a122ec693ad0d68b36bd765cc2280c8346
C:\CFH\frontend\node_modules\date-fns\fp\endOfMinuteWithOptions.d.ts,187,1758994894,a095e76298ed87a161f47cd9588416988104c99c
C:\CFH\frontend\node_modules\date-fns\fp\endOfMinuteWithOptions.js,336,1758994891,e4928f496b9bf31b7821f5cfbb0b4857eee486e4
C:\CFH\frontend\node_modules\date-fns\fp\endOfMonth.d.ts,107,1758994894,63a09877f6fe5ae4b49b8dd990241f3af7a13b45
C:\CFH\frontend\node_modules\date-fns\fp\endOfMonth.js,310,1758994891,40332c7e0ac56ff718f74298b77e8b979a3e884c
C:\CFH\frontend\node_modules\date-fns\fp\endOfMonthWithOptions.d.ts,184,1758994894,004e18007684433dc06ed7c2f2d1151828782fcd
C:\CFH\frontend\node_modules\date-fns\fp\endOfMonthWithOptions.js,332,1758994891,798937a969b08b2f11969f8dd6369a8ca802742f
C:\CFH\frontend\node_modules\date-fns\fp\endOfQuarter.d.ts,109,1758994894,b348095ca5ece9df7085a82d0046e5db38fd0b84
C:\CFH\frontend\node_modules\date-fns\fp\endOfQuarter.js,318,1758994891,494a7fb8c645ed66d6955fccde59970ed9b61a4e
C:\CFH\frontend\node_modules\date-fns\fp\endOfQuarterWithOptions.d.ts,190,1758994894,76c21b1f4e98c68af0fcf2b94798f2374c1b6677
C:\CFH\frontend\node_modules\date-fns\fp\endOfQuarterWithOptions.js,340,1758994891,53a605519ab336806aa1905e94acc5cf6131d4e6
C:\CFH\frontend\node_modules\date-fns\fp\endOfSecond.d.ts,108,1758994894,ea75b62d00485e9a6162b34c75ccba2327f3427a
C:\CFH\frontend\node_modules\date-fns\fp\endOfSecond.js,314,1758994891,dc60dcb63b45696700651b833a36bb2649c67057
C:\CFH\frontend\node_modules\date-fns\fp\endOfSecondWithOptions.d.ts,187,1758994894,2d2d7f84180a998f387374d17488ec432d0eb790
C:\CFH\frontend\node_modules\date-fns\fp\endOfSecondWithOptions.js,336,1758994891,c70c8f2b74f5c6d90c55e05b145661dc5af77f79
C:\CFH\frontend\node_modules\date-fns\fp\endOfWeek.d.ts,106,1758994894,efa250e824706e6460e7405ccd6e14821e7335e7
C:\CFH\frontend\node_modules\date-fns\fp\endOfWeek.js,306,1758994891,9fd776d45de1c7e8e8db6786f05e0c82f0146b7a
C:\CFH\frontend\node_modules\date-fns\fp\endOfWeekWithOptions.d.ts,181,1758994894,9fb10ef249a5df3bd5cfe75820dd821c40478436
C:\CFH\frontend\node_modules\date-fns\fp\endOfWeekWithOptions.js,328,1758994891,61277f8cedaf14858c88ba32c6eb22621eaf38bb
C:\CFH\frontend\node_modules\date-fns\fp\endOfYear.d.ts,106,1758994894,1d34b9abc365e2b2e237dfdde26ac55d4d5a4c58
C:\CFH\frontend\node_modules\date-fns\fp\endOfYear.js,306,1758994891,83623eab4af16557bee809ecfa94814b8d99d4db
C:\CFH\frontend\node_modules\date-fns\fp\endOfYearWithOptions.d.ts,181,1758994894,7c56e6e50b918e89f851cc533b23a86bc11488be
C:\CFH\frontend\node_modules\date-fns\fp\endOfYearWithOptions.js,328,1758994891,94d8caaa65325c3075a918327a89208d7d194175
C:\CFH\frontend\node_modules\date-fns\fp\format.d.ts,105,1758994894,f5c96b6e03f1a35d8769230b2cd6e99b18a4ecf9
C:\CFH\frontend\node_modules\date-fns\fp\format.js,294,1758994891,a003d7fac0eb7c5d25bdda6eec3bd2a709855a7d
C:\CFH\frontend\node_modules\date-fns\fp\formatDistance.d.ts,129,1758994894,1007bf2b00fa73487b9c82ff165ab28891d35df9
C:\CFH\frontend\node_modules\date-fns\fp\formatDistance.js,326,1758994891,8f1bc6ea8e6c07eddcf44903b194f949374dee85
C:\CFH\frontend\node_modules\date-fns\fp\formatDistanceStrict.d.ts,135,1758994894,76f5fe836d225cac9a629aeb67b72a8f8f906d97
C:\CFH\frontend\node_modules\date-fns\fp\formatDistanceStrict.js,350,1758994891,ceac7806aa3f71c23e6ffce1c2cc3b1abdd3c38e
C:\CFH\frontend\node_modules\date-fns\fp\formatDistanceStrictWithOptions.d.ts,230,1758994894,70208327cec63e551e2818678f89e6495e0d9d80
C:\CFH\frontend\node_modules\date-fns\fp\formatDistanceStrictWithOptions.js,372,1758994891,dbbf9aaa0b826feed0740f3eed36c7527b6cc72a
C:\CFH\frontend\node_modules\date-fns\fp\formatDistanceWithOptions.d.ts,208,1758994894,d64fe74021316159676479052a981f2fd8a527d9
C:\CFH\frontend\node_modules\date-fns\fp\formatDistanceWithOptions.js,348,1758994891,9f1d831aca428455934c9bb007cfb52ff05e713b
C:\CFH\frontend\node_modules\date-fns\fp\formatDuration.d.ts,108,1758994894,9e2056d153cddc28ec9ed5dd381b1194f807ed1e
C:\CFH\frontend\node_modules\date-fns\fp\formatDuration.js,326,1758994891,a03ebcf7aa75e41562009e4585d4824d84d75495
C:\CFH\frontend\node_modules\date-fns\fp\formatDurationWithOptions.d.ts,187,1758994894,5c412a747f640007de103336f0d758aca323a45a
C:\CFH\frontend\node_modules\date-fns\fp\formatDurationWithOptions.js,348,1758994891,aa1271d0821cea3761abdfd5c1fc000870122636
C:\CFH\frontend\node_modules\date-fns\fp\formatISO.d.ts,98,1758994894,59922941589df3d593246c8302b7d4862c607446
C:\CFH\frontend\node_modules\date-fns\fp\formatISO.js,306,1758994891,c42d37b68fc4a9707d19f8253567ccc1b70bb689
C:\CFH\frontend\node_modules\date-fns\fp\formatISO9075.d.ts,102,1758994894,b494c91f60226c8fb73d57e6d58c23da05aa64c5
C:\CFH\frontend\node_modules\date-fns\fp\formatISO9075.js,322,1758994891,c97f55fefacb991aa8c2fceb2c34fd85df921518
C:\CFH\frontend\node_modules\date-fns\fp\formatISO9075WithOptions.d.ts,179,1758994894,dc02aa4ebf09e5d0def4892f55a6179af5a86e1a
C:\CFH\frontend\node_modules\date-fns\fp\formatISO9075WithOptions.js,344,1758994891,a5920c5d539d59ec894e817d271e7543ead61fa6
C:\CFH\frontend\node_modules\date-fns\fp\formatISODuration.d.ts,111,1758994894,f08077c3f21d39ee9a9cb9777d8d3647d2570ca9
C:\CFH\frontend\node_modules\date-fns\fp\formatISODuration.js,338,1758994891,6f06b4809c97dac6c925265c6cbac290c233ffeb
C:\CFH\frontend\node_modules\date-fns\fp\formatISOWithOptions.d.ts,167,1758994894,a27b4eb9195f4b94e6974fe7516f400243d3ace9
C:\CFH\frontend\node_modules\date-fns\fp\formatISOWithOptions.js,328,1758994891,53163675a3ff7d0a727e3d2bef96515b8d322782
C:\CFH\frontend\node_modules\date-fns\fp\formatRelative.d.ts,129,1758994894,6d57f70a3a074b722a47dd89db50e0226ce64701
C:\CFH\frontend\node_modules\date-fns\fp\formatRelative.js,326,1758994892,78e3d95d1a4ef67cc5dbd33c793f24f46893bdc6
C:\CFH\frontend\node_modules\date-fns\fp\formatRelativeWithOptions.d.ts,208,1758994894,55bb6c89886c33979b800094124ce84f865c39ae
C:\CFH\frontend\node_modules\date-fns\fp\formatRelativeWithOptions.js,348,1758994892,27aa6d396cae8295ffe0031a7837e6092b8e30a3
C:\CFH\frontend\node_modules\date-fns\fp\formatRFC3339.d.ts,102,1758994894,c7f2ae5306e2bb0f05d71a9cc2c0fc19f37ebf6e
C:\CFH\frontend\node_modules\date-fns\fp\formatRFC3339.js,322,1758994892,8e54113af2822a4fe89831a380763817905fe735
C:\CFH\frontend\node_modules\date-fns\fp\formatRFC3339WithOptions.d.ts,179,1758994894,d1ba9285245b29802cc68bbdc75ae54a234dbb36
